func_sigla,func_desc,func_nivel
CAS-1,DIR. SUPERINTENDENTE,
PREFEI,PREFEITO,
VEREAD,VEREADOR,
DEP,DEPUTADO ESTADUAL,
DAS,SECRETARIO,1016
NES,SECRETARIO ESPECIAL,86
DEP,Deputado Federal,
SEC,SECRETARIO EXECUTIVO DE AGENCIA DE DESENVOLVIMENTO,
DIRE01,DIRETOR DE DESENVOLVIMENTO,
DAS,ASSESSOR CHEFE,1016
DAS,PRESIDENTE,1016
PREE01,LIQUIDANTE,
CGE,SUPERINTENDENTE,1
DAS-1,CARGO DE DIREÇÃO E ASSESSORAMENTO SUPERIOR-1,
1,MINISTRO DE ESTADO,5
NES,SECRETARIO EXECUTIVO,7
SEC,SECRETARIO DE ESTADO,
SNDR,Senador,1
DEPUTA,DEPUTADO ESTADUAL,NA
DIRE02,DIRETOR,
DIRI01,DIRETOR,
DAS,SECRETARIO NACIONAL,1016
FBC,SECRETARIO EXECUTIVO,DS1
PROC,PROCURADOR DO ESTADO,
CCD,DIRETOR,2
CCD,DIRETOR GERAL,1
SEC,SECRETÁRIO DE ESTADO-CHEFE,
SEC,SECRETÁRIO EXECUTIVO,NA
DIRE01,DIRETOR DE RECURSOS MINERAIS - DRM,
PRESID,PRESIDENTE,
DIRE01,DIRETOR,
DIRE01,DIRETOR DE CONTROLES INTERNOS,
DIRE02,DIRETOR DE CONTROLES INTERNOS,
NA,SECRETARIA DE ESTADO,
REITOR,REITORA,
SECRET,SECRETARIA DE ESTADO,
SEC,SECRETÁRIA DE ESTADO,NA
SECTI,SECRETÁRIA DE ESTADO,
CGE,CORREGEDOR,1
DIRE01,DIRETOR EXECUTIVO,
NES,CHEFE,75
SECRET,SECRETARIO DE ESTADO,
PREE01,DIRETOR-PRESIDENTE,
SEC,SECRETÁRIO EXECUTIVO DA SEMA,
PREI01,PRESIDENTE,
DIRE01,DIRETOR DE ENGENHARIA,
DIRE01,DIRETOR TÉCNICO,
DIRE02,DIRETOR DE ENGENHARIA,
DIRE03,DIRETOR DE ENGENHARIA,
DIRE04,DIRETOR DE ENGENHARIA,
DIRE01,DIRETOR DE ENGENHARIA E MEIO AMBIENTE,
DIRE02,DIRETOR TÉCNICO,
MINTSE,MINISTRO DO TRIBUNAL SUPERIOR ELEITORAL,
NES,CHEFE DA ASSESSORIA ESPECIAL,89
PREE01,DIRETORA SUPERINTENDENTE,
REI,REITORA,NA
DIRE01,DIRETORA TÉCNICA,
DIRI02,DIRETORA DE ADMINISTRAÇÃO E FINANÇAS,
DIRE01,DIRETORA EXECUTIVA DE INOVAÇÃO E TECNOLOGIA,
DIRETO,DIRETOR ADMINISTRATIVO FINANCEIRO,
CCPREV,DIR. ADM. FINANCEIRO,
DIRE01,DIRETOR ADMINISTRATIVO-FINANCEIRO,
DIRE01,DIRETOR DE MICRO E PEQUENAS EMPRESAS,
PREE01,PRESIDENTE - PRESI,
DIRE01,DIRETOR DE GESTÃO CORPORATIVA,
CD,REITOR,1
DIRE01,DIRETOR DE INFRAESTRUTURA,
DEP,DEPUTADO DISTRITAL,
DS-1,DIRETOR SUPERINTENDENTE,
DIRE01,DIRETORA,
DIRI01,DIRETORA EXECUTIVA,
PREE01,DIRETORA PRESIDENTE,
DIR,DIRETOR PRESIDENTE,
DIRE02,DIRETOR EXECUTIVO,
DAS,CHEFE DE GABINETE,1016
AVG-2,DIR. TEC. MED. ALIMENTOS E PROD.TOXICOLOGIA,
SEC,SECRETÁRIO EXECUTIVO DA SEPROR,
PGJ,Procuradora-Geral de Justiça,
4,SECRETARIO DE ESTADO,
CAS-2,DIR. ADMINISTRATIVO,
CAS-2,DIRETOR ADMINISTRATIVO,
1003,DIRETOR PRESIDENTE,
DAS,SECRETARIO EXECUTIVO ADJUNTO,1016
DIRE01,DIRETOR DE RELACIONAMENTO E NEGÓCIO - DRN,
DIRETO,DIRETOR-PRESIDENTE,
PGT,Procurador-Geral do Trabalho,
1315,DIRETOR PRESIDENTE QCE-01,
DIRE01,DIRETORIA DE INOVAÇÃO - DRIN,
CAS-2,DIRETOR DE MÍDIA IMPRESSA,
DAS,CHEFE DA ASSESSORIA,1016
970,DIRETOR PRESIDENTE,
DIRI01,"DIR. PLANEJ, EXPANSÃO MARKETING",
NES,SUBCHEFE,66
SEC,SECRETARIO DE ESTADO,NA
BCD,DIRETOR DO BANCO CENTRAL,IRE
REI,REITOR,NA
DIRE01,DIRETOR ADMINISTRATIVO E JURÍDICO,
DIRE01,DIRETOR DE PLANEJAMENTO,
SEC,SECRETÁRIO EXECUTIVO DO TESOURO DA SEFAZ,
CDS-1,SECRETÁRIO DE ESTADO,
DIRE01,DIRETOR DE NEGÓCIOS,
DIRE02,DIRETOR DE NEGÓCIOS,
DIRE03,DIRETOR DE EMPREENDIMENTOS,
CCD,DIRETOR PRESIDENTE,1
PRES,PRESIDENTE DA AGÊNCIA DE FOMENTO DO ESTADO DO AM - AFEAM,
DIRI01,VICE-PRESIDENTE DE CANAIS,
DIRE01,DIRETOR DE GESTÃO ADMINISTRATIVA E FINANCEIRA,
PREE02,DIRETOR PRESIDENTE,
DIRE01,DIRETOR COMERCIAL,
DIRE02,DIRETOR DE ESTRATÉGIA E ORGANIZAÇÃO,
DIRE03,DIRETOR DE MARKETING E COMUNICAÇÃO,
DIR,DIRETOR-PRESIDENTE,NA
BCP,MINISTRO DE ESTADO,RES
DIRE01,DIRETOR ADMINISTRATIVO E FINANCEIRO,
PREE01,PRESIDENTE,
DIRI01,DIRETOR INDUSTRIAL,
MINTSE,MINISTRO PRESIDENTE DO TRIBUNAL SUPERIOR ELEITORAL,
MINTSE,MINISTRO VICE-PRESIDENTE DO TRIBUNAL SUPERIOR ELEITORAL,
CGE,CHEFE DE GABINETE,1
760,COMANDANTE GERAL BM,
DIRE01,DIRETOR DE GESTÃO PORTUÁRIA,
DAS,PORTA VOZ,1016
DIRE01,"DIRETOR DE OPERAÇÕES, ENGENHARIA E TECNOLOGIA",
DIRE04,"DIRETOR DE OPERAÇÕES, ENGENHARIA E TECNOLOGIA",
DIRE05,"DIRETOR DE OPERAÇÕES, ENGENHARIA E TECNOLOGIA",
DIRE06,"DIRETOR DE OPERAÇÕES, ENGENHARIA E TECNOLOGIA",
PREE03,DIRETOR-PRESIDENTE,
DIRE01,DIRETOR INDUSTRIAL,
PREI02,DIRETOR PRESIDENTE,
DIR,DIRETOR PRESIDENTE,NA
DAS,CARGO DE DIREÇÃO E ASSESSORAMENTO SUPERIOR,
SECRET,SECRETARIO DE ESTADO,NA
PREE02,DIRETOR-PRESIDENTE,
DIRE01,DIRETOR DE DESENVOLVIMENTO HUMANO,
DAS,SUPERINTENDENTE,1016
5,PROCURADOR GERAL DO ESTADO,
DIRE01,VICE PRESIDENTE,
CGE,SECRETARIO EXECUTIVO,1
DIRE01,DIR. DE ADMINISTRAÇÃO,
PRES,PRESIDENTE,
DIRE01,VICE-PRESIDENTE,
DIRE02,VICE-PRESIDENTE,
CAS-2,COORD. DE FINANÇAS,
DIRI01,DIRETORA,
DAS,SECRETARIO ADJUNTO,1016
SEC,SECRETÁRIO DE ESTADO DA FAZENDA,
DIRE01,DIRETORA DE HIDROLOGIA E GESTÃO TERITORIAL,
DIRE02,DIRETORA DE HIDROLOGIA E GESTÃO TERITORIAL,
DIRE01,DIRETORA TECNICA,
PREE02,PRESIDENTE,
DIRE01,DIRETOR-EXECUTIVO DE OPERAÇÃO E LOGÍSTICA,
PROC,PROCURADOR-GERAL DO ESTADO,NA
NES,COMANDANTE,45
NES,SECRETARIO-GERAL,80
DIRE01,DIRETOR FINANCEIRO E DE CRÉDITO,
PRE,PRESIDENTE,NA
DEPUTA,DEPUTADO ESTADUAL,
BCD,DIRETOR SERVIDOR DO BANCO CENTRAL,IRS
BASICA,DELEGADO-GERAL DA POLÍCIA CIVIL,
DIRI01,DIRETOR EXECUTIVO,
DIRE01,DIR. TECNICO DO ENRIQUECIMENTO,
MIN,MINISTRO DO SUPERIOR TRIBUNAL MILITAR,
CDS-2,SECRETARIO EXECUTIVO DO EMPREENDEDORISMO,
GOVE,GOVERNADOR DE ESTADO,
DIRE01,DIRETOR VICE-PRESIDENTE,
DIRE01,DIRETOR DE ESTUDOS DE ENERGIA ELÉTRICA,
DIR,DIRETOR-PRESIDENTE DA FUNDAÇÃO ESTADUAL DO ÍNDIO - FEI,
DIRE01,DIRETOR DE GOVERNANÇA E NEGÓCIOS,
DAS,ASSESSOR ESPECIAL,1026
SEC,SECRETÁRIA  EXECUTIVA DE ARTIC. INSTITUCIONAL DA CASA CIVIL,
DEP-10,VICE-PRESIDENTE,
SEC,SECRETÁRIA EXECUTIVA ADJUNTA PEDAGÓGICA DA SEDUC,
DIRE01,DIRETORA DE MARKETING E COMUNICAÇÃO,
VIC,VICE-GOVERNADOR,NA
MIN,MINISTRO,
CDS-2,SUPERINTENDENTE DE COORD E SUPERVISÃO DE CONTRATOS DE GESTÃO,
SEC,SECRETÁRIA EXECUTIVA ADJUNTA DA CAPITAL DA SEDUC,
C-2,DIRETOR ADMINISTRATIVO E FINANCEIRO,
SEC,SEC. EXECUTIVA DO FUND. DE PROM. SOCIAL E ERRAD. DA POBREZA,
SEC,SECRETÁRIA DE ESTADO DA ASSISTÊNCIA SOCIAL,
PRES,PRESIDENTE DA AG. AMAZONENSE DE DESENVOLV. CULTURAL - AADC,
DIRE01,DIRETORA EMPRESARIAL E DE RELAÇÕES COM O MERCADO,
DIR,DIRETORA-PRES.  FUND. CENTRO DE CONTROLE DE ONCOLOGIA DO AM,
DAS,SECRETARIO EXECUTIVO,1016
DIR,DIRETORA-PRES. DA AG. AMAZONENSE DE DESENV. ECON. E SOCIAL,
DIRE01,DIRETORA DE CONTROLE INTERNOS,
DIRE01,DIRETOR-EXECUTIVO,
DIRE02,DIRETOR EXECUTIVO COMERCIAL E DE PRODUTOS,
DIRE02,DIRETORA DE CONTROLE INTERNOS,
DIRE03,VICE-PRESIDENTE DE CONTROLES INTERNOS E GESTÃO DE RISCOS,
DIRE04,VICE-PRESIDENTE DE CONTROLES INTERNOS E GESTÃO DE RISCOS,
PREE01,DIRETOR PRESIDENTE,
CHE,CHEFE DA CASA MILITAR DO GOVERNADOR,NA
SECRET,"SECRETARIA DE ESTADO, DESIGNADA",
NA,"SECRETARIO DE ESTADO,",
PREE04,DIRETOR-PRESIDENTE,
895,PRESIDENTE EXECUTIVO,
PREI02,PRESIDENTE,
CDS-2,SECRETARIO EXECUTIVO CHEFE DA CASA MILITAR DO GOVERNADOR,
DIRE01,DIRETOR DE TECNOLOGIA DA INFORMAÇÃO - DITEC,
CHEFE,CHEFE DA CASA MILITAR,NA
C-2,PROCURADOR CHEFE,
DIRE01,DIRETOR EXECUTIVO DE LOGÍSTICA,
DAS,CHEFE CERIMONIAL,1016
DIRE01,DIRETOR EXECUTIVO FINANCEIRO E DE RELAÇÕES COM INVESTIDORES,
DIRE01,DIRETOR DE RELACIONAMENTO COM CLIENTES,
DIRE02,DIRETOR DE RELACIONAMENTO COM CLIENTES,
MIN SU,MINISTRO SUBSTITUTO,
DIRE01,DIRETOR DE COMERCIAL E DE LOGÍSTICA DE CARGAS,
DEL,DELEGADO GERAL DA POLÍCIA CIVIL,NA
PREI01,DIRETOR-PRESIDENTE,
CGE,SECRETARIO,1
DIRE01,DIRETOR DE OPERAÇÕES E SERVIÇOS TÉCNICOS,
DIRE02,DIRETOR DE OPERAÇÕES E SERVIÇOS TÉCNICOS,
DIRE03,DIRETOR DE OPERAÇÕES E SERVIÇOS TÉCNICOS,
DIRE02,DIR. ADMIN. FINANCEIRO,
DIRE01,DIRETOR JURÍDICO E DE GOVERNANÇA E GESTÃO,
DIRE02,DIRETOR JURÍDICO E DE GOVERNANÇA E GESTÃO,
DIRE01,DIRETORIA ADMINISTRATIVA,
DIRE04,DIRETOR ADMINISTRATIVO,
PREI03,PRESIDENTE DA FINEP,
PREE01,DIRETOR-SUPERINTENDENTE,
NA,SECRETARIO DE ESTADO,
SEC,SECRETÁRIO DE ESTADO,NA
DIR,DIRETOR-PRESIDENTE,
DIRE01,DIRETORA COMERCIAL DE PRODUTOS,
PREE01,DIR. PRESIDENTE,
JUCEB,PRESIDENTE,
SEC,SECRETÁRIA EXECUTIVA DA SEAS,
DIRE01,DIRETORA EXECUTIVA FINANCEIRA E DE RELACIONAMENTO COM INVEST,
DAS,CONSELHEIRO,1016
DIRETO,DIRETOR GERAL,
10,SUPERINTENDENTE COMUNICACAO SOCIAL,
DIRE02,DIRETOR COMERCIAL,
NA,"DIRETOR GERAL, RESPONDENDO",
DIRE01,DIRETORA EXECUTIVA DE REFINO E GÁS NATURAL,
SEC,SECRETÁRIA DE ESTADO DE ADMINISTRAÇÃO E GESTÃO,
DIRE01,DIRETORA DE GESTÃO CORPORATIVA,
DIRE02,DIRETORA DE GESTÃO CORPORATIVA,
DIRE01,DIRETORA-EXECUTIVA DE GOVERNANÇA E GESTÃO - DEGG,
NA,CONSELHEIRO CNMP,NA
CE-1,DIR. PRESIDENTE,
DAS,DIRETOR GERAL,1016
DIRE01,DIRETOR DE PLANEJAMENTO E FINANÇAS,
CCD,CONSELHEIRO,2
SEC,SECR. EXE. DO DESEN. ECONÔMICO,NA
SEC,SECRETÁRIA EXECUTIVA ADJUNTA DA SPF,
PRESID,PRESIDENTE DA IDARON,
DIRE01,DIRETOR DE GESTÃO,
DIRE01,DIRETOR DE OPERAÇÕES,
DIRE02,DIRETOR DE OPERAÇÕES,
DIRE02,DIRETOR DE OPERAÇÃO E MANUTENÇÃO,
DIRI01,DIRETOR DE ENGENHARIA,
PREI03,DIRETOR - PRESIDENTE,
DIRE01,DIRETOR DE ADMINISTRAÇÃO E FINANÇAS,
DIRE02,DIRETOR DE ADMINISTRAÇÃO E FINANÇAS,
DIRE03,DIRETOR DE ADMINISTRAÇÃO E FINANÇAS,
DIRE01,DIR. EXECUTIVO DE OPERAÇÃO E LOGÍSTICA,
DIRE01,DIRETOR DE HIDROLOGIA E GESTÃO TERRITORIAL,
DELEGA,DELEGADO ADJUNTO DE POLÍCIA CIVIL,
VICE01,VICE-PRESIDENTE,
DIRE03,VICE-PRESIDENTE,
1192,DIRETOR PRESIDENTE,
NES,COMANDANTE,47
CGE,PROCURADOR CHEFE,1
SEC,SECRETÁRIO DE ESTADO,
DIRE01,DIRETOR DE AGRONEGÓCIOS,
DIRE02,DIRETOR DE AGRONEGÓCIOS,
DELEGA,DELEGADO-GERAL ADJUNTO DA POLÍCIA CIVIL - ESTADO DO AMAZONAS,
DIRE01,DIRETOR DE ADMINISTRAÇÃO,
DIRE02,DIRETOR DE ADMINISTRAÇÃO,
DIRE01,DIRETOT TECNICO,
CGE,GERENTE GERAL,1
SEC,"SEC. EXEC. ADJ. DE POLIT. AGRICOLAS, PECUÁRIA E FLORESTAL",
DIRE01,DIRETOR TÉCNICO E OPERACIONAL,
NES,CARGO ESP.TRANS.GOVERNAMENTAL,56
DIRI01,DIR. DE ADMINISTRAÇÃO E FINANÇAS,
NDAS-1,REITOR,
DIRE02,"VICE-PRESIDENTE DE GESTÃO DE PESSOAS, SUPRIMENTOS E OPERAÇÕE",
DIRE03,"VICE-PRESIDENTE DE GESTÃO DE PESSOAS, SUPRIMENTOS E OPERAÇÕE",
1,VICE-PRESIDENTE DA REPUBLICA,21
DIRE01,DIRETORIA DE TECNOLOGIA E OPERAÇÕES - DIT,
SEC,SECRETÁRIO EXECUTIVO EXTRAORDINÁRIO DE PROJETOS,
DIRE02,DIRETOR FINANCEIRO E DE CRÉDITO,
NES,SUBCHEFE,11
DIRE01,VICE-PRESIDENTE DE GOVERNO E SUSTENTABILIDADE EMPRESARIAL,
DIRE02,VICE-PRESIDENTE DE GOVERNO E SUSTENTABILIDADE EMPRESARIAL,
2042,DIRETOR GERAL,
PRES,PRESIDENTE DA JUNTA COMERCIAL DO ESTADO DO AMAZONAS -  JUCEA,
SEC,SECRETÁRIO EXECUTIVO ADJUNTO DO GAB. DA VICE-GOVERNADORIA,
DIRE01,DIR. DE CONTROLADORIA,
DIRETO,DIRETOR GERAL ADJUNTO,
DIRE01,DIR. DE ENGENHARIA E OPERAÇÕES,
DIRE01,DIRETOR ECONÔMICO-FINANCEIRO,
SEC,SECRETÁRIO CHEFE DO GOVERNO,NA
DIRE01,DIRETOR DE GOVERNANÇA RISCOS E COMPLIANCE,
PREE01,DIRETOR VICE-PRESIDENTE,
SEC,SECRETÁRIO EXECUTIVO DA VICE-GOVERNADORIA,
DIRE01,DIRETOR DE GERAÇÃO,
DIRE01,DIRETORA DE ADMINISTRAÇÃO,
DIRE01,DIR. FINANCEIRO E DE RELAÇÕES C  INVESTIDORES,
CAS-2,DIR. OPERAÇÕES,
DIRE01,DIRETOR DE ATENÇÃO Á SAÚDE,
CE-2,DIR. DESENVOLVIMENTO,
DIRE01,DIRETOR-EXECUTIVO COMERCIAL E DE PRODUTOS,
PREE03,DIRETOR PRESIDENTE,
CONTR,CONTROLADOR-GERAL DO ESTADO DO AMAZONAS,
SEC,SECRETÁRIO DE ESTADO CHEFE DA CASA CIVIL,
SEC,"SECRETÁRIO DE ESTADO DE JUST., DIREITOS HUMANOS E CIDADANIA",
DIRE01,DIRETOR EXECUTIVO FINANCEIRO,
PREE01,DIRETOR,
DIRI01,VICE-PRESIDENTE DE NEGÓCIOS PÚBLICOS,
CAS-2,DIRETOR DE DESENVOLVIMENTO ECONÔMICO,
DIRE01,DIRETOR DE INOVAÇÃO E MERCADO,
DIRE02,DIRETOR ADMINISTRATIVO-FINANCEIRO,
SEC,SECRETÁRIO EXECUTIVO ADJUNTO DA CASA MILITAR,
DIRE02,DIRETOR FINANCEIRO,
DIRE01,DIRETOR DE INFRAESTRUTURA E GESTÃO PORTUÁRIA - DIP,
DIRE01,DIRETOR DE MERCADO,
SUPERI,SUPERINT ESTAD DE DESENVOLVIMENTO ECONÔMICO E INFRAESTRUTURA,
SUPERI,SUPERINTENDENTE ESTADUAL DE COMUNICAÇÃO,
MINTSE,MINISTRO CORREGEDOR DO TRIBUNAL SUPERIOR ELEITORAL,
DS-2,DIRETOR DE ACOMPANHAMENTO E CONTROLE,
DS-2,DIR. DE ACOMPANHAMENTO E CONTROLE,
DIR,DIRETOR-PRESIDENTE DA FUND. DE VIG. EM SAÚDE DO AM - FVS,
DIRE02,VICE-PRESIDENTE DE NEGÓCIOS DE ATACADO,
VICE01,DIRETOR VICE-PRESIDENTE,
DIRETO,DIRETOR PRESIDENTE,
VICE-P,VICE-PRESIDENTE,
DIRE01,DIRETOR MÉDICO,
DIRI02,DIRETOR TÉCNICO OPERACIONAL INTERINO,
CDS-2,SECRETARIO EXECUTIVO,
ADAB,DIRETOR GERAL,
DIRE01,DIRETOR DE ESTRATÉGIA E TECNOLOGIA,
DIRE01,DIRETOR DE ADMINISTRAÇÃO E PESSOAS,
SEC,SECRETÁRIO EXECUTIVO DA RECEITA,NA
DIRE01,DIRETOR DE PLANEJAMENTO E DESENVOLVIMENTO,
DIRE02,DIRETOR-EXECUTIVO,
DIRI02,VICE PRESIDENTE,
DIRI03,VICE PRESIDENTE,
DIRI04,VICE PRESIDENTE,
DIRI05,VICE-PRESIDENTE,
DIRE01,DIRETOR DE DES. DE NEGÓCIOS E REGULAÇÃO,
CGE,GERENTE EXECUTIVO,1
DIRE01,DIRETOR DE FINANÇAS,
PREI02,DIRETOR-PRESIDENTE INTERINO,
DIRE01,DIRETORA COMERCIAL E PRODUTOS,
PREE02,DIRETORA COMERCIAL E PRODUTOS,
PREE03,DIRETORA - PRESIDENTE,
PREE04,DIRETORA COMERCIAL E DE PRODUTOS,
PREE05,DIRETORA-PRESIDENTE,
DIRE01,"DIRETORA DE GOVERNANÇA, RISCOS E CONFORMIDADE",
SEC,SECRETÁRIA EXECUTIVA DE ASSUNTOS ADMINISTRATIVOS DA SEFAZ,
DIRE01,DIRETOR CORPORATE BANK,
DIRE02,DIRETOR CORPORATE BANK,
DIRE01,DIRETORIA DE CLIENTES PESSOAS FÍSICAS,
DIRE02,DIRETORA DE CLIENTES PESSOAS FÍSICAS,
DIRE03,DIRETORA DE CLIENTES VAREJO MPE E PF,
PRES,DIRETOR PRESIDENTE,
DIRE01,DIRETOR FINANCEIRO E COMERCIAL,
DIRE01,DIRETOR TECNICO,
DIRE02,DIRETOR EXECUTIVO DE EXPLORAÇÃO E PRODUÇÃO,
DIRE01,DIRETOR FINANCEIRO E RISCOS,
NES,PRESIDENTE,17
DIRE01,DIRETOR DE INFRAESTRUTURA E GESTÃO PORTUÁRIA,
DIRE,DIRETOR-PRESIDENTE,
NES,DEFENSOR PUBL GERAL DA UNIAO,19
CGE,SECRETARIO-GERAL,1
DIRE01,DIR. DE RECUPERAÇÃO DE CRÉDITOS DE PESSOAS JURÍDICAS,
CONTR,CONTROLADOR-GERAL,
DIRE01,DIR. DE GERAÇÃO,
DIRE01,"DIRETOR FINANCEIRO, DE CRÉDITO E DE CAPTAÇÃO - DRFC",
DIRE01,VICE-PRESIDENTE DE GESTÃO FINANCEIRA E RELAÇÕES COM INVESTID,
DIRE02,VICE-PRESIDENTE DE GESTÃO FINANCEIRA E RELAÇÕES COM INVESTID,
PREE02,DIRETOR -PRESIDENTE,
BASICA,COMANDANTE-GERAL DO CORPO DE BOMBEIROS MILITAR,
DIR,DIRETOR EXECUTIVO,NA
DIRE01,VICE-PRESIDENTE DE GESTÃO FINANCEIRA E DE RELAÇÕES COM INVES,
DIRE02,DIRETOR EXECUTIVO GESTÃO DE ATIVOS,
CCD,PRESIDENTE,1
DAS,SUBSECRETARIO GERAL,1016
GOV,GOVERNADOR DO ESTADO,NA
DIRE01,VICE-PRESIDENTE DE DISTRIBUIÇÃO DE VAREJO,
DIRE02,VICE-PRESIDENTE DE DISTRIBUIÇÃO DE VAREJO,
DIRE03,VICE-PRESIDENTE DE DISTRIBUIÇÃO DE VAREJO,
CASA C,"SECRETÁRIO DE ESTADO, RESPONDENDO",NA
NA,"SECRETARIO DE ESTADO, DESIGNADO",
DIRE02,VICE-PRESIDENTE DE CONTROLES INTERNOS E GESTÃO DE RISCOS,
DAS,DIRETOR PRESIDENTE,1016
DIRI03,VICE-PRESIDENTE DE OPERAÇÕES,
VICE01,VICE-PRESIDENTE DE FINANÇAS E CONTROLE INTERNO,
DIRETO,DIRETOR-GERAL,NA
SE-2,DIRETOR EXECUTIVO,
DEL,DELEGADO GERAL ADJUNTO DA POLÍCIA CIVIL,NA
DIRE04,DIRETOR DE ADMINISTRAÇÃO E FINANÇAS,
PREI05,DIRETOR-PRESIDENTE,
CGE,PROCURADOR GERAL,1
DIRE01,DIRETORA EXECUTIVA,
CHEFE,CHEFE DO ESTADO-MAIOR DO CORPO DE BOMBEIROS MILITAR DO AM,
COMAND,SUBCOMANDANTE-GERAL DO CORPO DE BOMBEIROS MILITAR - AM,
COMAND,COMANDANTE-GERAL - CORPO DE BOMBEIROS MILITAR - AMAZONAS,
COMAND,SUBCOMANDANTE-GERAL-AÇÕES DEF. CIVIL DO CORPO BOMBEIROS - AM,
SEC,SECRETÁRIO EXECUTIVO DA SSP AM,
SEC,SECRETÁRIO DE ESTADO DE ADMINISTRAÇÃO PENITENCIÁRIA,
SEC,SEC. EXEC. ADJ. DE PLANEJAMENTO E GESTÃO INTEGRADA DA SSP AM,
SEC,SECRETÁRIO DE ESTADO EXTRAORDINÁRIO,
COMAND,COMANDANTE-GERAL DA POLÍCIA MILITAR DO AMAZONAS,
CHEFE,CHEFE DO ESTADO-MAIOR DA POLÍCIA MILITAR -ESTADO DO AMAZONAS,
SCOMAN,SUBCOMANDANTE  DA POLÍCIA MILITAR DO AMAZONAS,
DIR,DIRETOR-PRES. DA AG. REG. DOS SERV. PÚB. CONCEDIDOS DO AM,
DIR,DIRETORA-PRESIDENTE DA FUND. TELEV. E RÁDIO CULTURA DO AM,
CE-2,DIRETOR ADMINISTRATIVO E FINANCEIRO,
SEC,SECRETÁRIO DE ESTADO DE COMUNICAÇÃO SOCIAL,
DIRE01,DIRETOR DE PLAN. DE MERCADO,
DIRE01,DIRETOR FINANCEIRO,
ADAB,"DIRETOR GERAL, DESIGNADO",
DIRE01,DIRETOR DE GOVERNANÇA,
PREE01,DIRETOR PRESIDENTE,
DIRE01,DIRETOR-EXECUTIVO DE PESQUISA E DESENVOLVIMENTO - DEPD,
PREE02,PRESIDENTE DA EMBRAPA,
DIRE01,DIRETORIA DE INOVAÇÃO E MERCADO - DIRIM,
DIRE01,DIRETOR INOVAÇÃO,
CH. DA,CH. DA CASA MILITAR,
DIRE01,DIRETOR GERENTE,
DIRE02,DIRETOR VICE-PRESIDENTE,
DIRE03,DIRETOR VICE-PRESIDENTE,
DIRE01,DIRETORA GERAL,
SEC,SECRETÁRIA EXECUTIVA DE ORÇAMENTO DA SEFAZ,
DIR,DIRETORA-PRESIDENTE DA FUND. HOSPITAL ADRIANO JORGE - FHAJ,
CE-2,DIRETOR TÉCNICO,
PROC,PROCURADOR GERAL MINISTERIO PUBLICO JUNTO AO TRIBUNAL CONTAS,NA
DIR,DIRETOR-PRESIDENTE DA IMPRENSA OFICIAL DO ESTADO,
DIRE01,DIRETOR DE GOVERNANÇA DE ENTIDADES LIGADAS,
DIRE02,DIRETOR DE GOVERNANÇA DE ENTIDADES LIGADAS,
1934,DIRETOR GERAL QCE-02,
SUBCOM,SUBCOMANDANTE-GERAL DA POLÍCIA MILITAR,
COORDE,COORDENADOR EXEC. DA UG DE PROJETOS ESPECIAIS DA UGPE   SRMM,
1017,DIRETOR GERAL,
DAI-1,DIR. INDUSTRIAL E DE LOGÍSTICA,
CDSI-3,DIR. TÉCNICO,
CDS-2,SECRETARIO EXECUTIVO DE CIENCIA E TECNOLOGIA,
1301,DIRETOR GERAL,
DIRE01,DIRETOR DE GESTÃO DE NOVOS NEGÓCIOS E PARTICIPAÇÕES,
DIRI01,DIRETOR TÉCNICO,
DIRI01,DIRETOR TÉCNICO INTERINO,
DIRI01,DIRETOR TÉCNICO INTERNO,
SEPLAN,"SECRETÁRIO DE ESTADO, RESPONDENDO",NA
DIRE01,DIRETOR EXECUTIVO DE COMERCIALIZAÇÃO  E LOGÍSTICA,
DIRE01,DIRETOR DE ASSUNTOS REGULATÓRIOS E PROJETOS ESPECIAIS,
DIRE01,DIRETOR DE REGULAÇÃO E PROJETOS ESPECIAIS,
DIRE02,DIRETOR DE REGULAÇÃO E PROJETOS ESPECIAIS,
DIRI01,DIRETOR DE ASSUNTOS REGULATÓRIOS E PROJETOS ESPECIAIS,
DIRI03,DIRETOR DE GESTÃO,
DIRE01,DIRETOR-EXECUTIVO DE INOVAÇÃO E TECNOLOGIA - DEIT,
PREE01,DIRETOR ADMINISTRATIVO - FINANCEIRO,
PREE01,DIRETOR ADMINISTRATIVO E FINANCEIRO,
PREE02,DIRETOR ADMINISTRATIVO E FINANCEIRO,
DIRE01,DIR. DE POLITICA AGRICOLA E INFORMAÇÕES,
DIRE01,DIRETOR DE CONTROLE E RISCO,
DIRE01,DIRETOR DE TECNOLOGIA E SERVIÇOS,
SEC,SECRETARIO EXECUTIVO,NA
SEC,SECRETÁRIA EXECUTIVA DA SECOM,
PRESID,PRESIDENTE,NA
VICE01,VICE-PRESIDENTE DE CANAIS,
FBC,PROCURADOR GERAL,DJ1
COM,CONTROLADOR-GERAL DO ESTADO,NA
1146,DIRETOR PRESIDENTE,
PROCGE,PROCURADORA-GERAL,
DIRI01,DIRETOR VICE-PRESIDENTE,
DIRI02,DIRETOR VICE-PRESIDENTE,
1480,PM SECRETARIO DE ESTADO,
CDS-1,SECRETARIO DE ESTADO,
1181,DIRETOR PRESIDENTE,
DIRE01,DIRETOR-GERENTE,
DIRE01,DIRETOR DE CONTROLADORIA,
DIRE02,DIRETOR-GERENTE,
1230,DIRETOR PRESIDENTE,
DIRE01,DIRETOR DE PESSOAS E LOGÍSTICA - DILOG,
PRES,PRESIDENTE DA CIA DE DESENV. DO ESTADO DO AM - CIAMA,
VIC,VICE-GOVERNADOR DO ESTADO,NA
VICE-G,VICE-GOVERNADOR DO ESTADO,
DIRE01,DIRETORA DE SOLUÇÕES EM EMPRÉSTIMOS E FINANCIAMENTOS,
DIRE01,DIRETORA-GERENTE,
CGE,DIRETOR ADJUNTO,1
DIRE01,DIRETOR DE RECUPERAÇÃO DE CRÉDITOS DE PESSOAS FÍSICAS - DIRE,
DIR,DIRETORA GERAL,NA
INEMA,"DIRETORA GERAL, RESPONDENDO",NA
SEC,SECRETÁRIA EXECUTIVA ADJUNTA DE COMPRAS E CONTRATOS DA SEAD,
DIRE01,DIR. ADMINIST. FINANCEIRO E DE FISCALIZAÇÃO,
CAS-2,DIR. ADM. E FINANCEIRO,
DIRE01,DIRETOR DE RELAÇÕES COM O MERCADO E COMUNIDADE,
DIRI01,DIRETOR DE OPERAÇÃO E EXPANSÃO,
7,SECRETARIO CHEFE CASA CIVIL,
CHE,CHEFE DA DEFESA CIVIL,NA
DIRE01,DIRETOR DE MARKETING E COMUNICAÇÃO,
SECRET,SECRETARIO EXECUTIVO DE ARTICULACAO NACIONAL,NA
SEC,SECRETÁRIO EXECUTIVO DA SPF,
SUBCOM,SUBCOMANDANTE-GERAL DO CORPO DE BOMBEIROS MILITAR,
VICE01,VICE-PRESIDENTE DE SERVIÇOS,
DIRE01,DIRETOR DE CONTEÚDO E PROGRAMAÇÃO,
DIRE02,DIRETOR DE CONTEÚDO E PROGRAMAÇÃO,
SEC,SECRETÁRIO DE ESTADO  DE CULTURA,
SEC,SECRETÁRIO EXTRAORDINÁRIO ADJUNTO DA SEMA,
SEC,SEC. EXEC. ADJ. DE ATENÇÃO ESPECIALIZ. DA CAPITAL DA SUSAM,
1127,DIRETOR PRESIDENTE,
SEC,SECRETARIO EXECUTIVO DE ARTICULACAO NACIONAL,NA
DIRE01,DIR. DE OPERAÇÕES,
DIR,DIRETOR-PRESIDENTE DA SUPERINTENDÊNCIA ESTADUAL DE HABITAÇÃO,
PTCE,PRESIDENTE DO TRIBUNAL DE CONTAS DO ESTADO,
COMAND,COMANDANTE-GERAL DA PMSC,
BASICA,COMANDANTE-GERAL DA POLÍCIA MILITAR,
DIRE01,DIRETOR DE OPERAÇÃO E MANUTENÇÃO,
SEC,SECRETÁRIO EXECUTIVO ADJUNTO DA SERIRA,
784,COMANDANTE GERAL PM,
DIRE02,DIRETOR EXECUTIVO DE ASSUNTOS CORPORATIVOS,
DIRI03,DIRETOR,
DIRE01,"DIRETOR DE SUPRIMENTOS, INFRAESTRUTURA E PATRIMÔNIO",
DIRE02,"DIRETOR DE SUPRIMENTOS, INFRAESTRUTURA E PATRIMÔNIO",
DIRE04,DIRETOR,
DIRE06,VICE-PRESIDENTE,
DIRI03,VICE-PRESIDENTE,
PREE01,DIRETOR ADMINISTRATIVO,
SEC,SECR. EXE. DO ORÇAMENTO DEMOCRÁTICO ESTADUAL,NA
BASICA,DIRETOR-GERAL DE ADMINISTRAÇÃO PENITENCIÁRIA,
NES,COMANDANTE,46
NES,SUBDEFENSOR PUB GERAL DA UNIAO,20
DIRE02,DIRETOR DE MEIOS DE PAGAMENTO,
DIRE02,DIRETOR GERENTE,
DIRE03,DIRETOR DE MEIOS DE PAGAMENTO,
DIRE04,DIRETOR DE MEIOS DE PAGAMENTOS E SERVIÇOS,
PREE01,ADMINISTRADOR,
1157,DIRETOR PRESIDENTE,
DIRE01,DIRETOR DE CONTADORIA,
DIRE02,DIRETOR DE CONTADORIA,
DIRE03,DIRETOR DE CONTADORIA,
DIRE01,DIRETOR VICE-PRESIDENTE EXECUTIVO,
DIRE02,DIRETOR EXECUTIVO DE FINANÇAS E RELAÇÕES COM INVESTIDORES,
DIRE01,DIRETOR DE GESTÃO DE PESSOAS,
DIR,DIRETOR EXECUTIVO,
DIRI05,VICE PRESIDENTE,
DIRE01,DIRETOR DE OPERAÇÕES E LOGISTICA,
DIRE02,DIRETOR DE OPERAÇÕES E LOGISTICA,
DIRE01,DIRETOR DE PLANEJAMENTO E RELAÇÕES INSTITUCIONAIS,
DIRE01,DIRETOR DE SERVIÇOS E SUPORTE JURÍDICO,
DIRE01,DIRETOR DE FINANÇAS E ADMINISTRAÇÃO,
DAS,ASSESSOR ESPECIAL,1016
DIR,DIRETOR GERAL,NA
SEC,SEC. EXEC. ADJ. DE ATENÇÃO ESPECIALIZ. DO INTERIOR DA SUSAM,
DIRI01,DIRETOR DE GESTÃO,
CHEFE,CHEFE DO ESCRITÓRIO DE REPRESENTAÇÃO DO GOVERNO EM SÃO PAULO,
SEC,SECRETÁRIO EXECUTIVO DA SRMM,
DIRE01,DIRETOR DE OPERAÇÕES - DIOPE,
DIRE02,DIRETOR DE OPERAÇÕES - DIOPE,
DIR,DIRETORA GERAL,
SEC,SECRETÁRIA EXECUTIVA DE ADMINISTRAÇÃO DA CASA CIVIL,
SEC,SECRETÁRIA DE ESTADO DE JUSTIÇA DIREITOS HUMANOS E CIDADANIA,
SEC,SECRETÁRIA DE ESTADO EXTRAORDINÁRIA,
DIR,DIRETOR GERAL,
SEC,SECR. EXECUTIVO DA ADMINISTRACAO DE SUPRIMENTOS E LOGISTICA,NA
PREE01,DIRETOR-PRESIDENTE DA COMPANHIA DOCAS DO RIO GRANDE DO NORTE,
CAS-1,DIRETOR SUPERINTENDENTE,
DELEGA,DELEGADO-GERAL DE POLÍCIA CIVIL,
SUPERI,SUPERINTENDENTE DE INTEGRAÇÃO DO EST DE RONDÔNIA EM BRASÍLIA,
SUPERI,SUPERINT EST DE GESTÃO GASTOS PÚBLICOS ADMINISTRATIVOS,
DIRE01,DIRETORA FINANCEIRA E DE RELAÇÃO COM OS INVESTIDORES,
SECRET,SECRETÁRIO-CHEFE DA CASA CIVIL,
CDSI-2,DIR. PRESIDENTE,
DIRE01,DIR. TÉCNICO E COMERCIAL,
DIRE02,DIRETOR ADMINISTRATIVO E FINANCEIRO DA COMPANHIA DOCAS DO RI,
DIRE01,DIRETOR TÉCNICO-OPERACIONAL,
CHEFE,CHEFE DO ESTADO MAIOR GERAL,
COMAND,COMANDANTE-GERAL DA POLÍCIA MILITAR,
960,DIRETOR GERAL,
DIRE01,DIRETOR DE GOVERNO,
DIRE02,DIRETOR DE GOVERNO,
DIRE03,VICE-PRESIDENTE CORPORATIVO,
DIRE04,VICE-PRESIDENTE CORPORATIVO,
DIRE01,DIRETOR ADMINISTRAÇÃO E GESTÃO FINANCEIRA,
DIRE01,"DIRETOR DE FINANÇAS, RI E GESTÃO DAS PARTICIPAÇÕES",
DIRE01,DIRETOR DE MERCADOS DE CAPITAIS E INFRAESTRUTURA,
DIRE02,DIRETOR DE ESTUDOS DE ENERGIA ELÉTRICA,
DIRE03,DIRETOR DE ESTUDOS DE ENERGIA ELÉTRICA,
DIRE01,DIRETOR DE ADMINISTRAÇÃO E INFRAESTRUTURA,
CHEFE,CHEFE DA CASA CIVIL,
DIRE01,DIRETOR DE JORNALISMO,
DIRE02,DIRETOR DE JORNALISMO,
SEC,SECRETÁRIO EXECUTIVO DE CIÊNCIA E TECNOLÓGIA DA SEPLANCTI,
DIRE01,DIR. DE REL. INST. E DESENVOLVIMENTO,
PREE04,DIRETOR PRESIDENTE,
DIRE01,DIR. DE PESSOAS E LOGÍSTICA,
VICE01,VICE-PRESIDENTE DE TECNOLOGIA DA INFORMAÇÃO,
DIRE01,DIRETOR DE CONTROLADORIA E FINANÇAS,
POL,COMANDANTE GERAL DA POLÍCIA MILITAR DO ESTADO DA PARAÍBA,
CAS-2,COORD. ADMINISTRATIVO,
CAS-2,CORRDENADOR ADMINISTRATIVO,
DAS,SUBCHEFE EXECUTIVO ADJUNTO,1016
1217,DIRETOR GERAL,
DIRE01,DIRETOR DE SOLUÇÕES EMPRESARIAIS,
DIRE02,DIRETOR DE SOLUÇÕES EMPRESARIAIS,
DIRE01,DIR. GESTÃO DE PROCESSOS E TECNOLOGIA DA INFORMAÇÃO,
1895,DIRETOR PRESIDENTE,
DIRE01,DIRETOR DE CONCESSÕES E PRIVATIZAÇÕES,
PRO,PROCURADOR GERAL DO ESTADO,NA
DIRE01,VICE-PRESIDENTE DE TECNOLOGIA,
DIRE02,VICE-PRESIDENTE DE TECNOLOGIA,
PREE02,DIRETOR,
REITOR,REITOR,
DIR,DIRETOR-PRESIDENTE DA PROCESSAMENTO DE DADOS DO AM S A,
DIRE01,DIRETOR DE GESTÃO COMERCIAL E DE DESENVOLVIMENTO,
DIRE02,DIRETOR DE GESTÃO,
SESAB,SECRETÁRIO DE ESTADO,
DAS,ADJUNTO DO ADVOGADO GERAL,1026
SEC,SECRETÁRIO EXECUTIVO ADJUNTO DA SEINFRA,
SEC,SECR. EXE. DO EMPREENDEDORISMO,NA
SEC,SECRETÁRIO EXECUTIVO ADJUNTO DE POLÍT. INTERN. DA SEPLANCTI,
SETUR,SECRETÁRIO DE ESTADO,
PREE01,DIRETOR-PRESISENTE,
PREE01,PRESIDEBNTE,
DIRI01,DIRETOR DE OPERAÇÃO,
DIRE01,DIRETOR DE CRÉDITO,
DIRE02,DIRETOR DE CRÉDITO,
SEC,SECRETÁRIO EXECUTIVO ADJUNTO,
COMAND,COMANDANTE-GERAL DO CORPO DE BOMBEIROS MILITAR,
DIRE01,DIRETOR EXECUTIVO  DE EXPLORAÇÃO E PRODUÇÃO,
DEP-10,DIR. PRESIDENTE,
SEC,SECRETARIO EXECUTIVO DE ASSUNTOS INTERNACIONAIS,NA
NES,CARGO ESP.TRANS.GOVERNAMENTAL,55
SEC,SECRETÁRIO EXECUTIVO DA SEINFRA,
DIRE01,DIRETOR DE MERCADO DE CAPITAIS E INFRAESTRUTURA,
DIRE01,DIR. FINANCEIRO,
DIRI02,DIRETOR DE SERVIÇOS,
PREE01,DIRETOR SUPERINTENDENTE,
PREE02,DIR. SUPERINTENDENTE,
DIRE01,DIR. TÉCNICO-OPERACIONAL,
DIRI01,DIRETOR DE INFRAESTRUTURA GEOCIENTÍFICA,
DIRE01,DIRETOR EXECUTIVO DE REDE DE POSTOS E VAREJO,
DIRI01,VICE-PRESIDENTE,
DIRE01,DIRETOR TÉCNICO-COMERCIAL,
NDAS-2,VICE-REITOR,
DIRE01,DIRETOR DE DESENVOLVIMENTO E SERVIÇO - DDS,
C-2,DIRETORIA DE ASSISTENCIA À SAÚDE DO SERVIDOR,
PREE02,PRESIDENCIA DOS,
PREI01,PRESIDENCIA DOS,
CDS-2,SECRETÁRIO EXECUTIVO DE ASSISTÊNCIA SOCIAL,
SEC,SECRETARIO EXECUTIVO DE ASSISTENCIA SOCIAL,NA
PREE01,PRESIDENTE DA CDRJ,
DIR,"DIRETOR-PRES. DA  SUP. EST. DE NAVEGAÇÃO, PORTOS E HIDROVIAS",
DIRE01,DIRETOR CORPORATE AND INVESTMENT BANKING,
DIRE02,DIRETOR CORPORATE AND INVESTMENT BANKING,
SECRET,SECRETÁRIO ADJUNTO,
SEC,SECRETÁRIO DE ESTADO DE SAÚDE,
VICE01,VICE-PRESIDENTE DO NEGÓCIO POSTAL,
CDS-3,DIRETORIA DE PLANEJAMENTO AGRÍCOLA E REGULARIZAÇÃO FUNDIÁRIA,
DAS,PRESIDENTE DE FUNDACAO,1016
DIR,DIRETOR-PRESIDENTE DA FUNDAÇÃO ALFREDO DA MATA - FUAM,
CDS-3,DIRETOR DE ADMINISTRAÇÃO E FINANÇAS,
DIRE01,DIRETOR JURÍDICO E DE ASSUNTOS REGULATÓRIOS,
DAS,SUBSECRETARIO,1016
CONTRO,CONTROLADOR-GERAL,
DIRE01,DIRETOR TÉCNICO E COMERCIAL DA CODERN,
DIRE02,DIRETOR TÉCNICO E COMERCIAL DA CODERN,
SEC,SECRETÁRIO EXECUTIVO DE PARCERIAS PÚBLICO-PRIVADAS,NA
DIRE01,DIRETORIA DE INOVAÇÃO,
DIRE02,DIRETOR DE INOVAÇÃO,
CHEFE,CHEFE ADJUNTO CONSULTORIA TÉCNICO-LEGISLATIVA DA CASA CIVIL,
DIRE01,DIRETOR TÉCNICO E COMERCIAL,
VICE01,VICE-PRESIDENTE COMERCIAL,
SECRET,SECRETÁRIO DE ESTADO ADJUNTO,
SEC,SECRETÁRIO EXECUTIVO DA PESCA,NA
DS-2,DIR. EXEC. FICALIZAÇÃO E CONTROLE,
DIRE01,DIRETOR DE RELAÇÕES COM O MERCADO E PLANEJAMENTO,
CDS-2,SECRETARIO EXECUTIVO DA ADM DE SUPRIMENTOS E LOGÍSTICA,
SEC,SECR. EXE. DA GESTÃO PEDAGÓGICA,NA
SEC,SECRETÁRIO EXECUTIVO ADJUNTO DE GESTÃO DA SEDUC,
SECRET,"SECRETÁRIO DE ESTADO DO PLANEJAMENTO, ORÇAMENTO E GESTÃO",
CDS-2,SECRETARIO DE ESTADO,
SEC,SEC. EXECUTIVO ADJUNTO DE PESCA E AQÜICULTURA DA SEPROR,
DAS,INVENTARIANTE,1016
DIRE01,DIR. GLP ENVASADO,
DIRE02,DIRETOR DE GLP ENVASADO,
DIRE03,DIRETOR DE GLP ENVASADO,
1028,DIRETOR PRESIDENTE,
AVG-1,DIR. GERAL,
AVG-2,DIRETOR TECNICO DE ESTAB E PRÁTICA DE SAÚDE DO TRABALHO,
DIRI02,DIRETOR INDUSTRIAL,
DIRE01,DIRETOR DE GESTÃO DE RISCOS,
DIRE02,DIRETOR DE GESTÃO DE RISCOS,
DIRE03,DIRETOR DE GESTÃO DE RISCOS,
DIRE01,"DIRETORA TÉCNICO-COMERCIAL,",
CDS-1,PROCURADOR GERAL DO ESTADO,
DIRE01,DIRETOR EXECUTIVO DE SERVIÇOS,
PREE01,DIRETOR JURÍDICO E DE GOVERNANÇA E GESTÃO,
DIRE01,ADMINISTRADOR,
CDS-1,SECRETÁRIO CHEFE,
DIRE01,DIRETOR DE ADMINISTRAÇÃO E PESSOAS - DAP,
CC1,DIR. PRESIDENTE,
DIRI02,VICE-PRESIDENTE,
DIRE01,DIRETOR DE SOLUÇÕES JURÍDICAS E ADMINISTRATIVAS,
DIRE02,DIRETOR DE SOLUÇÕES JURÍDICAS E ADMINISTRATIVAS,
PERITO,PERITO-GERAL DO IGP,NA
PRE,PRESIDENTE DO COLEGIADO SUPERIOR DE SEGURANCA PUBLICA E PERI,NA
DIRE01,DIRETOR DE ESTUDOS ECONÔMICO-ENERGÉTICOS E AMBIENTAIS,
DIRE02,DIRETOR DE ESTUDOS ECONÔMICO-ENERGÉTICOS E AMBIENTAIS,
DIRE04,DIRETOR DE ESTUDOS ECONÔMICO-ENERGÉTICOS E AMBIENTAIS,
DIRI03,"DIRETOR INTERINO DE ESTUDOS DO PETRÓLEO, GÁS E BIOCOMBUSTÍVE",
CDS-2,SECRETARIO EXECUTIVO DA GESTAO PEDAGOGICA,
DIRE01,DIRETORA DE OPERAÇÕES,
DIRE02,DIRETORA DE OPERAÇÕES,
DIRE01,DIRETOR DE ATENÇÃO À SAÚDE,
CAS-2,COORD. PROG.E CONTROLE,
1042,DIRETOR GERAL,
DAS,CHEFE,1016
DIRE03,DIRETOR,
DIRI01,DIRETOR JURIDICO,
DIRE01,DIRETOR COMERCIAL ALTO VAREJO,
1468,DELEGADO CHEFE DE POLICIA CIVIL,
DIRE01,DIR. DE INFRA ESTRUT. E OPERAÇ,
1643,DIRETOR PRESIDENTE,
SEC,SECRETÁRIO EXECUTIVO ADJUNTO DA SEJUSC,
DIRE01,DIRETOR EXERCUTIVO,
DIRE01,DIRETOR DE TECNOLOGIA,
DIRE02,DIRETOR DE TECNOLOGIA,
DIRE03,VICE-PRESIDENTE DE DESENVOLVIMENTO DE NEGÓCIOS E TECNOLOGIA,
DIRE01,DIRETOR EXECUTIVO DE MERCADO CORPORATIVO E LUBRIFICANTES,
DIRE01,DIRETOR DE TECNOLOGIA E OPERAÇÕES - DIT,
PREE02,PRESIDENTE DA TRANSPETRO,
DIRE01,DIRETOR-EXECUTIVO DE PESQUISA E INOVAÇÃO - DEPI,
DIRE01,DIR. ADMINISTRATIVO-FINANCEIRA,
SEC,SECRETÁRIO EXECUTIVO DE ESPORTE E LAZER,NA
DIRE01,DIRETOR ADMINISTRATIVO,
BASICA,REITOR,
DIRE02,DIRETOR EXECUTIVO DE GOVERNANÇA E RISCO,
DIRE01,DIRETORIA DE GESTÃO ESTRATÉGICA DE TI FINANÇAS,
SECRET,SECRETARIO EXTRAORDINARIO DE ESTADO,
SUPERI,SUPERINTENDENTE ESTADUAL DE GESTÃO DE PESSOAS,
DIRE01,DIRETORA DE GARANTIAS,
AVG-2,DIR. TÉC. DE CIÊNC. E TECNOLOGIA  MÉDICA E CORREL,
VICE01,VICE-PRESIDENTE DE GESTÃO ESTRATÉGICA DE PESSOAS,
DIRE01,DIRETOR DE GESTÃO ADMINISTRATIVA,
PREE03,PRESIDENTE,
DIRE01,"DIRETORA DE ESTUDOS DO PETRÓLEO, GÁS NATURAL E BIOCOMBUSTÍVE",
DIRE02,"DIRETORA DE ESTUDOS DO PETRÓLEO, GÁS NATURAL E BIOCOMBUSTÍVE",
NES,CARGO ESP.TRANS.GOVERNAMENTAL,57
SPROC,SUBPROCURADORA-GERAL DO ESTADO DO AMAZONAS,
DIR,DIRETOR DE PLANEJAMENTO TURISTICO,NA
DIR,DIRETOR - PRESIDENTE DA COMPANHIA DE GÁS DO AMAZONAS - CIGÁS,
SEC,SECRETÁRIO EXECUTIVO ADJUNTO DE INTELIGÊNCIA DA SSP AM,
DIRE01,DIRETOR DE GESTÃO DE CONTRATOS,
DIRE02,DIRETOR DE GESTÃO DE CONTRATOS,
SEC,SEC. EXECUT. ADJ.DO SUBCOMANDO AÇÕES DE DEF. CIVIL BOMBEIROS,
DIRE02,DIRETOR DE GESTÃO ESTRATÉGIA DE PESSOAS,
DIRI01,VICE-PRESIDENTE DE GESTÃO ESTRATÉGICA DE PESSOAS,
DIRI02,DIRETOR,
DIRE01,DIRETOR DE OPERAÇÃO E EXPANSÃO,
COMAND,COMANDANTE GERAL,
DIRI01,DIRETOR FINANCEIRO,
AVG-2,DIR. TEC. ESTAB. E PRAT. DE SAUDE DO TRABALHO,
DIRETO,DIRETORA-PRESIDENTE,
SUPERI,SUPERINT ESTADUAL DE PATRIMÔNIO E REGULARIZAÇÃO FUNDIÁRIA,
DIRE01,DIRETOR DE ORÇAMENTO E FINANÇAS,
SEC,SECRETÁRIO EXECUTIVO ADJUNTO DO FPS,
DIRE01,DIRETOR DE OPERAÇÃO,
DIRE03,DIRETOR DE OPERAÇÃO,
DIRE04,DIRETOR DE OPERAÇÃO,
DIRI02,"DIRETOR DE ENGENHARIA, INTERINO",
DIRE01,DIRETOR DE GESTÃO CORPORATIVO,
DIRE01,DIRETOR REVITALIZAÇÃO DAS BACIAS HIDROGRÁFICAS,
CORREG,CORREGEDORA-GERAL DA SSP,
CDS-2,SECRETARIO EXECUTIVO CHEFE DA CASA CIVIL DO GOVERNADOR,
SEC,SECRETÁRIO EXECUTIVO CHEFE DA CASA CIVIL DO GOVERNADOR,NA
AVG-2,DIR.  ADM. FINC. E DE INTEGRAÇÃO REGIONAL,
CCS-2,VICE-PRESIDENTE,
DIRE01,DIRETORA DE GOVERNANÇA CORPORATIVA E JURÍDICA - DGJ,
DS-1,DIR. SUPERINTENDENTE,
POL,DELEGADO GERAL DA POLICIA CIVIL,
DIRE01,DIRETOR-TÉCNICO OPERACIONAL,
CDS-2,SECRETARIO EXECUTIVO DO TURISMO,
DIRE01,VICE-PRESIDENTE DE AGRONEGÓCIOS,
DIRE02,VICE-PRESIDENTE DE AGRONEGÓCIOS,
DIRE01,"DIRETOR FINANCEIRO, DE GESTÃO E DE RELAÇÃO COM INVESTIDORES",
PCL,PRESIDENTE DA CÂMARA LEGISLATIVA,
2,VICE-GOVERNADOR DO ESTADO,
NAN,DIR. PRESIDENTE,
BASICA,PRESIDENTE DA PROLIQUIDAÇÃO,
DIRE01,DIRETOR JURÍDICO,
COR,CORREGEDOR GERAL,NA
1,PRESIDENTE DA REPUBLICA,1
DIRE01,DIRETOR DE ENGENHARIA & TECNOLOGIA MARÍTIMA E TERRESTRE,
GESTOR,GESTOR DO PROGR. EST. DE PROTEÇÃO E ORIENTAÇÃO DO CONSUMIDOR,
SEC,"SECRETÁRIA DE ESTADO  DA JUVENTUDE, ESPORTE E LAZER",
SEC,SECRETÁRIA EXECUTIVA ADJUNTA DA SRMM,
SE-4,DIR. ECON. E FOMENTO,
DIRE01,DIRETOR DE ADMINISTRAÇÃO E RECURSOS HUMANOS,
BASICA,PRESIDENTE,
DIRE01,DIRETOR DE COMÉRCIO EXTERIOR E CORPORATE BANK,
DIRE01,DIRETOR DE NEGÓCIOS E SUSTENTABILIDADE,
SDR,"SECRETÁRIO DE ESTADO, RESPONDENDO",NA
SEC,SEC.EXECUT. ADJUNTO DE ADM. DA CONTROL. GERAL DO EST. DO AM,
DIRE01,DIRETORIA DE NEGÓCIOS,
DIRE02,DIRETORIA DE NEGÓCIOS,
CDS-3,DIRETOR DE ASSISTÊNCIA TÉCNICA E EXTENSÃO RURAL,
DEFENS,DEFENSOR PUBLICO-GERAL DO ESTADO,
DIRE01,DIRETORA DE ENGENHARIA,
SEC,SECRETÁRIO EXECUTIVO DE PROJ. ESPEC. DO GOV. DA CASA CIVIL,
SEC,SECRETÁRIO EXECUTIVO ADJUNTO DE ENGENHARIA DA SEINFRA,
CDS-2,SECRETARIO EXECUTIVO DA PESCA,
SEC,SECRETARIO EXECUTIVO DE GESTAO DA REDE DE UNIDADES DE SAUDE,NA
DS-2,DIR. ADM. E FINANCEIRO,
CDS-2,CORREGEDOR GERAL,
DIRE01,DIRETOR DE INFRAESTRUTURA E OPERAÇÕES,
SEC,SECRETÁRIO DE ESTADO DE SEGURANÇA PÚBLICA,
DIRE01,DIRETOR DE OPERAÇÃO E COMERCIALIZAÇÃO,
DIRE02,DIRETOR DE OPERAÇÃO E COMERCIALIZAÇÃO,
DIRE04,DIRETOR DE OPERAÇÃO E COMERCIALIZAÇÃO,
DIRE01,DIR. ENGENHARIA,
DIRE01,VICE-PRESIDENTE DE NEGÓCIOS DE ATACADO,
SEMA,SECRETÁRIO DE ESTADO,
PRES,PRESIDENTE DO TRIBUNAL,
PREE02,DIRETOR ADMINISTRATIVO FINANCEIRO,
SEC,SECRETÁRIO EXECUTIVO ADJUNTO DA SECOM,
SDE,SECRETÁRIO DE ESTADO,
SEPLAN,SECRETÁRIO DE ESTADO,
SEC,SECRETÁRIO EXECUTIVO ADJUNTO DO INTERIOR DA SEDUC,
DIRE01,DIRETOR EXECUTIVO  DE DESENVOLVIMENTO DA PRODUÇÃO,
PREI02,PREIDENTE INTERINO,
DIRE02,DIRETOR DE OPERAÇÃO,
SECRET,SECRETARIO EXECUTIVO DE COMUNICACAO,
DIRE01,DIRETOR DE AEROPORTOS,
DIRE02,DIRETOR DE OPERAÇÕES E DE SERVIÇOS TÉCNICOS,
DIR,DIRETOR-PRESIDENTE DA EMPRESA EST. DE TURISMO - AMAZONASTUR,
SEC,"SEC. DE EST. DE PLANEJ. DESENV., CIÊNCIA, TECNOL. E INOVAÇÃO",
DIRE02,VICE-PRESIDENTE DE GOVERNO,
DIRE03,VICE-PRESIDENTE DE GOVERNO,
SEC,SECRETÁRIO CHEFE DO GABINETE PESSOAL DO GOVERNADOR,
DIRE02,DIRETOR DE ADMINISTRAÇÃO DE FUNDOS E GESTÃO DA EMPRESA,
DIRE02,DIRETOR DE CONTROLADORIA,
DIRETO,DIRETOR DE OPERAÇÃO E MANUTENÇÃO,
NAN,DIR. OPERAÇÃO E MANUTENÇÃO,
CDS-2,SECRETÁRIO EXECUTIVO,
SERIN,SECRETÁRIO DE ESTADO,
DIRE01,DIRETOR DE GERAÇÃO TÉRMICA,
DIRE04,DIRETOR DE GERAÇÃO TÉRMICA,
DIRI03,DIRETOR DE OPERAÇÃO,
NES,SECRETARIO (CNE),70
SECRET,SECRETARIO REGIONAL DE GOVERNO,
DIR,DIRETOR-PRESID. DO INSTIT. DE PESOS E MEDIDAS DO EST. DO AM,
DIRE02,DIRETOR ADMINISTRATIVO,
BAHIAI,PRESIDENTE,
DIRETO,DIRETOR ADMINISTRATIVO E FINANCEIRO,
NAN,DIR. ADM. E FINANCEIRO,
DIRE01,"DIRETOR FINANCEIRO, DE GESTÃO E DE RELAÇÕES COM INVESTIDORES",
DIRI04,VICE-PRESIDENTE,
DIRE03,DIRETOR ADMINISTRATIVO,
VICE01,VICE-PRESIDENTE ADMINISTRATIVA,
CGE,AUDITOR,1
DIRE01,DIR. DE OPERACOES E ABASTECIME,
DAA-20,DIR. DIV. CONTABILIDADE E FINANÇAS,
ASSESS,ASSESSOR ESPECIAL,
DIRE03,DIRETOR COMERCIAL,
DIRETO,DIRETORA GERAL,
AVG-1,DIRETOR GERAL,
DIRE01,DIR. ADMINISTRATIVO E FINANCEIRO,
DIRE02,DIRETOR TÉCNICO E COMERCIAL DA COMPANHIA DOCAS DO RIO GRAND,
DIRE01,PRESIDENTE,
SEC,SECRETÁRIO EXECUTIVO ADJUNTO DA SRMM,
DIRE01,DIRETOR DE REGULAÇÃO E COMERCIALIZAÇÃO,
DIRI02,DIRETOR DE ENGENHARIA,
DIRE01,DIRETOR DE TRANSMISSÃO,
SEC,SECRETÁRIO DE ESTADO DE PRODUÇÃO RURAL,
CAS-2,DIR. PLANEJAMENTO E TRANSPORTES,
DIR,DIRETOR-PRES. DO CENTRO DE EDUC. TECNOLÓGICA DO AM - CETAM,
DIRE01,DIRETOR GESTÃO DE PESSOAS,
DIRE02,DIRETOR GESTÃO DE PESSOAS,
CDS-2,SUBCOMANDANTE GERAL,
PCM,PRESIDENTE DE CAMARA MUNICIPAL,
DIRE01,DIRETOR DE SEGURANÇA INSTITUCIONAL,
DIRE02,DIRETOR DE SEGURANÇA INSTITUCIONAL,
DIRE01,DIRETOR DE OPERAÇÃO DO INTERIOR,
DIRE02,DIRETOR DE GERAÇÃO DISTRIBUIDA,
VICE01,VICE-PRESIDENTE DE LOGÍSTICA,
VICE02,VICE-PRESIDENTE DE NEGÓCIOS PÚBLICOS,
DIRE03,DIRETOR-EXECUTIVO,
DIRE01,DIRETOR NA DIRETORIA DE PESSOAS E LOGÍSTICA,
DIRI01,DIRETOR DE GEOLOGIA E RECURSOS MINERAIS,
PREI03,PRESIDENTE,
DIRI02,DIRETOR FINANCEIRO INTERINO,
PREE01,DIRETOR ADMINISTRATIVO  E FINANCEIRO,
PREE02,DIRETOR ADMINISTRATIVO-FINANCEIRO,
CDS-2,SECRETÁRIO EXECUTIVO DE ESPORTE E LAZER,
1041,DIRETOR PRESIDENTE,
DIRE01,"DIRETOR DE ESTUDOS DO PETRÓLEO, GÁS E BIOCOMBUSTÍVEIS",
DIRE02,"DIRETOR DE ESTUDOS DO PETRÓLEO, GÁS E BIOCOMBUSTÍVEIS",
PREE01,PRESIDENTE DA PETROBRAS,
DIRE01,DIRETOR DE ATIVOS DE TERCEIROS,
CH.CC,CH.DA CASA CIVIL,
DIRE01,DIRETOR ADMINIST FINAN. E DE RELAÇÕES COM INVESTIDORES,
PREE01,PRESIDENTE DA NAV BRASIL,
DIRE01,DIRETOR DE NOVAS AQUISIÇÕES,
1,GOVERNADOR DO ESTADO,
DIRE01,DIRETOR GERAL,
SEC,SECRETÁRIO EXECUTIVO DA RECEITA,
DIRE02,DIRETOR-VICE-PRESIDENTE,
DIRE03,"DIRETOR DE SUPRIMENTOS, INFRAESTRUTURA E PATRIMÔNIO",
DIRE04,VICE-PRESIDENTE DE GESTÃO FINANCEIRA E DE RELAÇÕES COM INVES,
DIRE05,VICE-PRESIDENTE DE GESTÃO FINANCEIRA E DE RELAÇÕES COM INVES,
DAS,DIRETOR,1016
DIRE01,DIRETOR-EXECUTIVO FINANCEIRO E DE RELAÇÕES COM INVESTIDORES,
SUB,SUBCOMANDANTE GERAL,NA
DIRE02,DIRETOR DE GESTÃO CORPORATIVA,
SDR,SECRETÁRIO DE ESTADO,
PROCUR,PROCURADOR,
DIRI02,VICE-PRESIDENTE DE ADMINISTRAÇÃO,
VICE01,VICE-PRESIDENTE DE ADMINISTRAÇÃO,
DIR,DIRETOR-PRESIDENTE FUND. HOSP. DO CORAÇÃO FRANCISCA MENDES,
CHE,CHEFE DA CASA CIVIL,NA
CHEFE,CHEFE DA CASA CIVIL,NA
DIRE01,DIRETOR EXECUTIVO DE TRANSFORMAÇÃO DIGITAL E INOVAÇÃO,
DIRI01,DIRETOR DE ADMINISTRAÇÃO E FINANÇAS,
DIRE01,DIRETORIA DE ADMINISTRAÇÃO E FINANÇAS,
DIRE01,DIR. FINANÇAS E SERVIÇOS LOGÍSTICOS,
DIRE01,DIRETOR DE ADMINSITRAÇÃO,
DIRE01,DIRETOR COMERCIAL VAREJO,
DIRE03,VICE PRESIDENTE,
PROC,PROCURADOR,
SUPERI,SUPERINTENDENTE ESTADUAL DE TURISMO,
DS-1,DIR. PRESIDENTE,
DIRETO,DIRETOR DE PLANEJAMENTO E INOVACAO,
PROCUR,PROCURADOR-GERAL,
DIRE01,DIR. ADMINISTRATIVA FINANCEIRA,
DIRE01,DIRETORA ADMINISTRATIVO-FINANCEIRA,
SUP,SUPERINTENDENTE EXECUTIVO,
SEC,SECRETÁRIO DE ESTADO DOS DIREITOS DA PESSOA COM DEFICIÊNCIA,
CE-1,DIRETOR PRESIDENTE,
DIRE01,DIRETORA DE PRODUTOS ESTRATÉGICOS E INOVAÇÃO,
C-1,DIR. SUPERINTENDENTE,
DIR,DIRETOR GERAL INTERINO,
DIRE01,"DIRETOR DE ADMINISTRAÇÃO, CONTROLE E FINANÇAS",
DIRE02,"DIRETOR DE ADMINISTRAÇÃO, CONTROLE E FINANÇAS",
DIRE03,DIRETOR GERENTE,
CAS-2,DIRETOR DE OPERAÇÕES,
SIHS,SECRETÁRIO DE ESTADO,
FBC,CHEFE GABINETE DO PRESIDENTE,DG1
SECRET,SECRETARIO EXECUTIVO DO MEIO AMBIENTE,NA
DIRE02,DIRETOR DE FINANÇAS,
PROCUR,PROCURADOR-GERAL ADJUNTO,
SEC,SECRETÁRIO CHEFE,NA
SECRET,"SECRETÁRIO DE ESTADO DA SEGURANÇA, DEFESA E CIDADANIA",
DIRE01,DIRETOR DE GESTÃO ESTRATÉGICA DE TI FINANÇAS,
SECRET,SECRETÁRIO DE ESTADO DA EDUCAÇÃO,
SEC,SECRETÁRIO DE ESTADO DE EDUCAÇÃO E QUALIDADE DO ENSINO,
CHEFE,CHEFE DA CONSULTORIA TÉCNICO-LEGISLATIVA DA CASA CIVIL,
SECRET,SECRETARIO EXECUTIVO DE ARTICULACAO NACIONAL,
SUBPRO,SUBPROCURADOR-GERAL,
SEAGRI,SECRETÁRIO DE ESTADO,
DIRE01,DIRETORA-EXECUTIVA DE GESTÃO INSTITUCIONAL - DEGI,
DIRE01,DIRETORA DE CONFORMIDADE,
CAS-1,DEFENSOR PÚBLICO-GERAL DO ESTADO,
DIRETO,DIRETOR-GERAL,
DIRE01,DIRETORA DE ENSINO,
CAS-1,SUPERINTENDENTE,
SE-4,DIR. MARKENTING,
DIRE01,DIRETOR TÉCNICO E DE OPERAÇÃO,
CDS-2,SECRETARIO EXECUTIVO DO ORÇAMENTO DEMOCRÁTICO ESTADUAL,
SEC,SEC. EXECUTIVA ADJUNTA DO FUNDO ESTADUAL DE SAÚDE DA SUSAM,
DIRE01,DIRETORA JURÍDICA,
DIRE02,DIRETORA JURÍDICA,
DIRE03,DIRETORA JURÍDICA,
PRES,PRESIDENTE DA AG. DE DES. SUSTENTÁVEL DO AMAZONAS - ADS,
DIRE01,DIRETOR DE GESTÃO DO CONHECIMENTO E PESSOAS,
DIRE02,DIRETOR DE GESTÃO DO CONHECIMENTO E PESSOAS,
SERIN,SECRETÁRIO DE ESTADO,NA
SEC,SECRETÁRIO EXECUTIVO DA SEDUC,
DIRE01,DIRETOR TECNICO-OPERACIONAL,
DIRE02,DIRETOR TÉCNICO-OPERACIONAL,
DIRE01,DIRETOR DA ÁREA EMPREENDIMENTOS DE IRRIGAÇÃO,
CDSI-3,DIR. ADM. E FINANCEIRO,
DIRE01,DIRETOR FINANCEIRO E DE CR[ÉDITO,
DIRE01,"DIRETOR ADMINISTRAÇÃO, FINANÇAS E PESSOAS",
PREE02,DIRETOR GERAL,
PREE03,DIRETOR-GERAL,
CAS-2,DIR. TÉCNICO,
DIR,DIRETOR-PRES. DO INST. DE DESENV. AGROP. E FLOR. SUST. DO AM,
DIRE02,DIRETOR TÉCNICO-COMERCIAL,
DIRE01,DIRETOR OPERACIONAL,
DIRE02,DIRETOR DE MICRO E PEQUENAS EMPRESAS,
DIRI01,DIRETOR EXECUTIVO DE SERVIÇOS,
DIRE01,DIRETOR NA DIRETORIA DE RECUPERAÇÃO DE CRÉDITOS DE PESSOAS F,
DIRE01,DIR. ADMINISTRATIVO-FINANCEIRO,
DIRE01,DIRETOR DE FINANÇAS E ADMINISTRAÇÃO - DFA,
DIRE01,DIR. DE DISTRIBUIÇÃO,
COORDE,COORDENADOR DE SISTEMA PRISIONAL DA SEAP,
SEC,SECRETÁRIO EXECUTIVO DA CASA MILITAR,
SEC,SECRETÁRIO EXECUTIVO ADJUNTO DA SEAP,
SEC,SECRETÁRIO PARTICULAR DO GOVERNADOR,
CDS-3,DIRETOR DE PESQUISA AGROPECUÁRIA,
SEC,SECRETÁRIO EXECUTIVO DA SERIRA,
SEC,SECRETÁRIO DE ESTADO DO TRABALHO,
PRES,PRESIDENTE DA COMPANHIA DE SANEAMENTO DO AMAZONAS - COSAMA,
NA,"SECRETARIA DE ESTADO,",
SECTI,"SECRETÁRIA DE ESTADO, RESPONDENDO",NA
DIRE01,DIRETOR DE GESTÃO OPERACIONAL E NAVEGAÇÃO AÉREA,
CHEFE,SUBCHEFE DO GABINETE PESSOAL DO GOVERNADOR,
SPROC,SUBPROCURADOR-GERAL ADJUNTO II DO ESTADO DO AMAZONAS,
NES,CONSULTOR GERAL DA UNIAO,15
COM,COMANDANTE GERAL DO CORPO DE BOMBEIROS MILITAR,NA
DIRE03,VICE-PRESIDENTE DE NEGÓCIOS DE VAREJO,
DIRE04,VICE-PRESIDENTE DE NEGÓCIOS DE VAREJO,
DIRE01,DIRETOR EXECUTIVO DE GOVERNAÇA E CONFORMIDADE,
DIRE01,DIRETOR DE TECNOLOGIA - DITES,
DIRE01,VICE-PRESIDENTE DE DESENVOLVIMENTO DE NEGÓCIOS E TECNOLOGIA,
DIRE02,VICE-PRESIDENTE DE DESENVOLVIMENTO DE NEGÓCIOS E TECNOLOGIA,
DIRE01,DIRETOR EXECUTIVO DE MERCADO CORPORATIVO E DE LUBRIFICANTES,
DIRE01,DIRETOR DE MANUTENÇÃO E OPERAÇÃO,
DIRE01,DIRETOR DE COMPLIANCE,
DIRE01,"DIRETOR DE OPERAÇÃO, PLANEJAMENTO E EXPANSÃO",
DIRE02,"DIRETOR DE OPERAÇÃO, PLANEJAMENTO E EXPANSÃO",
DIRE01,DIRETOR-EXECUTIVO DE REDE DE POSTOS E VAREJO,
DIRE02,DIRETOR EXECUTIVO DE OPERAÇÃO E LOGÍSTICA,
DIRE03,DIRETOR DE GESTÃO,
DIR,DIRETOR-PRES. DO INSTITUTO DE PROTEÇÃO AMBIENTAL DO AM-IPAAM,
SEC,SECRETÁRIO DE ESTADO  DO MEIO AMBIENTE,
DIRE01,DIRETORIA TÉCNICA E OPERACIONAL,
DIRE02,DIRETOR OPERACIONAL,
DIR,DIRETOR DO INSTITUTO DE POLÍCIA CIENTÍFICA,NA
DIRE01,"DIRETOR COMERCIAL, MARKETING E CLIENTES",
DIRE01,DIRETOR-EXECUTIVO DE GESTÃO DE ATIVOS,
DIRE02,DIRETOR-EXECUTIVO DE GESTÃO DE ATIVOS,
DIRE01,DIRETOR DE SERVIÇOS,
NES,SUBCHEFE,65
COM,COMANDANTE-GERAL DA PMSC,NA
BAHIAP,DIRETOR PRESIDENTE,NA
DIRE01,DIRETORIA DE DESENVOLVIMENTO CIENTÍFICO E TECNOLÓGICO - DRCT,
SEC,SECRETÁRIO EXECUTIVO CHEFE DA CASA MILITAR DO GOVERNADOR,NA
SECRET,SECRETÁRIO EXECUTIVO DO VICE- GOVERNADOR,
PGJM,Procurador-Geral de Justiça Militar,
DIRE01,DIR. DE PROD. DO COMB. NUCLEAR,
INEMA,DIRETORA GERAL,
SEMA,"SECRETÁRIA DE ESTADO, RESPONDENDO",NA
DIRE01,DIRETOR DE PRODUÇÃO DO COMBUSTÍVEL NUCLEAR - DPN,
DIRE02,DIRETOR DE PRODUÇÃO DO COMBUSTÍVEL NUCLEAR - DPN,
DAS,SECRETARIO-GERAL,1016
DIRE01,DIRETORIA DE PLANEJAMENTO E GESTÃO DE RISCOS,
DIRE02,DIRETOR DE PLANEJAMENTO E RISCO - DPLR,
NA,DIRETOR GERAL,
DIRE02,DIRETOR DE PLANEJAMENTO,
PREE01,DIR. DE PLANEJAMENTO,
PREI03,DIRETOR-PRESIDENTE,
DIRE03,VICE-PRESIDENTE DE NEGÓCIOS DE ATACADO,
DIRE01,DIRETOR DE GEOLOGIA E RECURSOS MINERAIS,
DIRE02,DIRETOR DE GEOLOGIA E RECURSOS MINERAIS,
DIRE01,"DIRETOR DE ADMINISTRAÇÃO, FINANÇAS E PESSOAS",
DIRE02,"DIRETOR DE ADMINISTRAÇÃO, FINANÇAS E PESSOAS",
DIRE03,"DIRETOR DE ADMINISTRAÇÃO, FINANÇAS E PESSOAS",
DIRE04,"DIRETOR DE ADMINISTRAÇÃO, FINANÇAS E PESSOAS",
SUPERI,SUPERINTENDENTE ESTADUAL DE COMPRAS E LICITAÇÕES,
DIR,DIRETOR-PRESIDENTE DO FUNDO PREVIDENCIÁRIO DO ESTADO DO AM,
DIRE02,DIRETOR INDUSTRIAL,
DIRE01,DIRETOR DA ÁREA DE DESENVOLVIMENTO INTEGRADO E INFRAESTRUTUR,
DIRE03,DIRETOR DE SOLUÇÕES EM EMPRÉSTIMOS E FINANCIAMENTOS,
DIRE04,DIRETOR DE GESTÃO DE RISCOS,
DIRE03,DIRETOR DE AGRONEGÓCIOS,
CRP,GOVERNADOR DO ESTADO,
COM,COMANDANTE-GERAL DO CBMSC,NA
DIRE01,DIRETOR EXECUTIVO DE DUTOS E TERMINAIS,
PREE01,PRESIDENTE DA TRANSBEL,
NES,SECRETARIO-GERAL,8
DEL,DELEGADO-GERAL DA PCSC,NA
DIRE01,DIRETOR DE ENRIQUECIMENTO ISOTÓPICO,
SECRET,SECRETÁRIO DE ESTADO DA JUSTIÇA,
DIRE01,"DIRETOR DE EMPRÉSTIMOS, FINANCIAMENTOS E CRÉDITO IMOBILIÁRIO",
DIRE02,"DIRETOR DE EMPRÉSTIMOS, FINANCIAMENTOS E CRÉDITO IMOBILIÁRIO",
SEC,SECRETÁRIO DE ESTADO DE INFRAESTRUTURA,
DIRE01,DIRETOR  DE NEGÓCIOS,
DS-2,DIR. EXEC. DE REGULAÇÃO,
PREE01,DIRETOR TÉCNICO,
DIR,DIRETOR-PRES.  FUND. DE MED. TROP.DR. HEITOR VIEIRA DOURADO,
NES,SECRET.GERAL DE CONSULTORIA,32
DIRE01,DIRETORA DE PRODUÇÃO ARTÍSTICA,
DIRETO,DIRETOR-GERAL DA AGEVISA,
DIRE01,DIR. ADMINISTRAÇÃO E FINANÇAS,
SEC,SECRETÁRIA EXECUTIVA DA SEAD,
DE-101,SECRETÁRIO GERAL,
CCS-2,DIR. ADMINISTRATIVO,
NAN,DIR. VICE-PRESIDENTE,
VICE-P,DIRETOR VICE-PRESIDENTE,
PRES,PRESID. DE HONRA - FUND. DE PROM. SOCIAL E ERRAD. DA POBREZA,
SEC,SECRETÁRIA EXECUTIVA ADJUNTA DO FPS,
CAS-2,DIRETOR DE RÁDIO E TV,
DIRE01,DIRETORA DE GESTÃO PORTUÁRIA,
CORREG,CORREGEDORA DA PROCURADORIA GERAL DO ESTADO DO AMAZONAS,
SEC,SECRETÁRIA EXECUTIVA  DE FINANÇAS DA CASA CIVIL,
SEC,SECRETÁRIA EXECUTIVA ADJUNTA DA SEJUSC,
CHEFE,CHEFE DO CERIMONIAL DO GOVERNO DO AMAZONAS,
PRESID,PRESIDENTE DO IPERON,
DIRE01,DIRETORA DE RISCOS E CONTROLES INTERNOS,
SEC,SECRETÁRIA DE ESTADO EXTRAORDINÁRIO,
NAN,DIR. COMERCIAL,
DIRETO,DIRETOR COMERCIAL,
DIRE01,DIR. COMERCIAL,
PREI02,DIRETOR,
SEC,SECRETÁRIO EXECUTIVO DO TESOURO,NA
DELEGA,DELEGADO-GERAL DA POLÍCIA CIVIL DO ESTADO DO AMAZONAS,
SECRET,SEC DE ESTADO DA ASSISTÊNCIA E DO DESENVOLVIMENTO SOCIAL,
DIRE01,DIRETORA DE GESTÃO COMERCIAL E DESENVOLVIMENTO DE NEGÓCIOS,
DIRE02,DIRETORA DE GESTÃO COMERCIAL E DESENVOLVIMENTO DE NEGÓCIOS,
SEC,SECR. EXE. DO MEIO AMBIENTE,NA
DIRE03,DIRETOR DE ESTRATÉGIA E ORGANIZAÇÃO,
DIRE01,DIRETOR DE NEGÓCIOS COMERCIAIS,
SECRET,SECRETÁRIO DE ESTADO DA AGRICULTURA,
CHEFE,CHEFE DA CASA MILITAR,
DIRE01,DIRETOR-VICE-PRESIDENTE,
DIRE01,VICE-PRESIDENTE CORPORATIVO,
SEC,SECRETÁRIO EXECUTIVO ADJUNTO DA CASA CIVIL,
SEC,SECRETARIO EXECUTIVO DE JUVENTUDE,NA
DIRE01,DIR. DE PLANEJ. E DESENVOLV.,
VICE01,VICE-PRFESIDENTE DE ENCOMENDAS,
DIRI02,DIRETOR DE OPERAÇÃO E EXPANSÃO,
DEP-10,SECRETÁRIO  EXECUTIVO,
SEC,SECRETÁRIO EXECUTIVO,
DIRE03,DIRETOR MÉDICO,
VICE01,VICE-PRESIDENTE MÉDICO,
DIRE01,DIRETORA DE ADMINISTRAÇÃO E FINANÇAS,
SEC,SECRETARIA DE ESTADO DE REL. INSTIT. E REPRES. DO AMAZONAS,
CAS-1,DIRETOR PRESIDENTE,
NES,CHEFE,29
SEC,SECRETÁRIA EXECUTIVA DE CULTURA DA SEC,
NES,SUBCHEFE DA CASA CIVIL,11
DIRE01,DIRETOR DE PRODUÇÃO E CONTEÚDO,
DIRE02,DIRETOR DE PRODUÇÃO ARTÍSTICA,
DIR,DIRETOR-PRESIDENTE DA FUND. HOSPIT. DE HEMAT. E HEMOT. DO AM,
VICE02,VICE-PRESIDENTE,
DIRE01,DIRETOR ADMINISTRATIVO FINANCEIRO,
DIRE01,DIRETOR ADMINSTRATIVO-FINANCEIRO,
SEDUR,SECRETÁRIO DE ESTADO,
SEAP,SECRETÁRIO DE ESTADO,
DIRE01,DIRETOR DE CLIENTES VAREJO MPE E PF,
DIRE02,DIRETOR EXECUTIVO DE TRANSFORMAÇÃO DIGITAL E INOVAÇÃO,
SE-4,DIRETOR ADMINISTRATIVO E FINANÇAS,
DIRE01,DIRETORA ENFERMAGEM,
CDS-2,DIRETOR PRESIDENTE,
CCS-1,DIRETOR PRESIDENTE,
DAI-1,DIR. TÉCNICO,
NAN,DIR. TEC. COMERCIAL,
PROC.,PROC. GER. DO ESTADO,
SEC,SECRETÁRIO EXECUTIVO DA SUSAM,
SEC,SECRETÁRIO EXECUTIVO ADJUNTO  DE OPERAÇÕES INTEGRADAS SSP AM,
DS-2,DIRETOR DE OPERAÇÕES,
DIRE01,DIRETOR DE LABORATÓRIOS E PESQUISA EXPERIMENTAL,
CONTR,SUBCONTROLADOR GERAL DO ESTADO DO AMAZONAS,
DIRE01,DIRIGENTE,
DIRE01,DIRETORA DE PESQUISA,
PREI02,DIRETOR PRESIDENTE INTERINO,
SEC,SECRETÁRIA DE ESTADO DE POLÍTICA FUNDIÁRIA,
PRESID,"PRESIDENTE, RESPONDENDO",
DIRE01,DIRETORA DE NEGÓCIOS DIGITAIS,
DIRE02,DIRETORA DE NEGÓCIOS DIGITAIS,
DIRE02,DIRETORA DE MARKETING E COMUNICAÇÃO,
DIRE01,DIRETOR DE INFRAESTRUTURA GEOCIENTÍFICA,
DIRE02,DIRETOR DE INFRAESTRUTURA GEOCIENTÍFICA,
VICI02,VICE-PRESIDENTE,
DIRI01,DIRETOR DE OPERAÇÕES,
DIRE01,DIRETOR DE ESTRATÉGIA E ORGANIZAÇÃO,
DIRE01,DIRETOR ADMINISTRATIVO E FINANCEIRO - DIAFI,
SEC,SECRETÁRIO EXECUTIVO ADJUNTO DO CERIMONIAL,
VICE01,DIRETOR VICE-PRESIDENTE EXECUTIVO,
COMAND,COMANDANTE-GERAL DA POLICIA MILITAR,
1206,DIRETOR PRESIDENTE,
SUPERI,SUPERINTENDENTE,
PROC,PROCURADOR-GERAL DO ESTADO DO AMAZONAS,
DIRI03,DIRETOR TÉCNICO-OPERACIONAL,
PREI04,DIRETOR-SUPERINTENDENTE,
PRO,PROCURADOR GERAL ADJUNTO DO ESTADO,NA
DIRE01,DIRETOR TÉCNICO E DE FISCALIZAÇÃO,
DIRE02,DIRETOR TÉCNICO E DE FISCALIZAÇÃO,
PROC,PROCURADOR GERAL DO ESTADO,NA
DIRE01,DIR. DE DUTOS E TERMINAIS,
DIRE02,DIRETOR-EXECUTIVO DE DUTOS E TERMINAIS,
DIRE01,DIRETOR - VICE-PRESIDENTE,
PREE01,DIRETOR COMERCIAL,
FDA,FUNÇÃO GRATIFICADA DE DIREÇÃO E ASSESSORAMENTO,
3,CHEFE GABINETE DO GOVERNADOR,
VICE01,DIRETOR-VICE-PRESIDENTE,
NES,CARGO ESP.TRANS.GOVERNAMENTAL,54
DIRETO,DIRETOR TÉCNICO COMERCIAL,
DIR,DIRETOR SUPERINTENDENTE,
SECRET,SECRETÁRIO ADJUNTO SEPOG,
DIRE02,DIRETOR DE PLANEJAMENTO E RELAÇÕES INSTITUCIONAIS,
DIRE01,DIRETOR DE ESTRATÉGIA E NEGÓCIOS,
DIRE01,DIRETOR DE NEGÓCIOS DIGITAIS,
DIRE02,DIRETOR DE ESTRATÉGIA E TECNOLOGIA,
DIRE03,DIRETOR DE ESTRATÉGIA E TECNOLOGIA,
DIRE03,DIRETOR-GERENTE,
DIRETO,DIRETOR ADJUNTO DE POLÍCIA TÉCNICA,
DIRI01,DIRETOR ADMINISTRATIVO INTERINO,
DIRI01,DIRETOR FINANCEIRO INTERINO,
PREI01,DIRETOR,
PREI01,DIRETOR ADMINISTRATIVO E FINANCEIRO,
PREI02,DIRETOR ADMINISTRATIVO INTERINO,
PREI02,DIRETOR FINANCEIRO INTERINO,
DIRE02,DIRETOR DE FINANÇAS E ADMINISTRAÇÃO,
DIRE02,"DIRETOR DE OPERAÇÕES, ENGENHARIA E TECNOLOGIA",
DIRE01,DIRETOR FINANCEIRO E DE SERVIÇOS,
DIRE02,DIRETOR FINANCEIRO E DE SERVIÇOS,
SEC,SECRETÁRIA EXECUTIVA ADJUNTA DE GESTÃO DE PESSOAS DA SEAD,
CDS-2,SECRETÁRIO EXECUTIVO DA JUVENTUDE,
REITOR,MAGNÍFICO REITOR DA UNIVERSIDADE DO ESTADO AMAZONAS,
CC2,DIR. VICE-PRESIDENTE,
DIRE03,DIRETOR DE PLANEJAMENTO,
DIRE01,DIRETOR DE FINANÇAS E RI,
DIRE02,"DIRETOR DE FINANÇAS, RELAÇÕES COM INVESTIDORES E GESTÃO DAS",
DIRE01,DIRETOR EXECUTIVO DE RELACIONAMENTO INSTITUCIONAL E SUSTENTA,
SEC,SECRETARIO EXECUTIVO DA AGROPECUARIA,NA
DIRE01,DIR. EXECUTIVO ADMINISTRATIVO - FINANCEIRO,
DS-2,DIR. ADMINISTRATIVO,
SEC,SECRETÁRIO EXECUTIVO DA SEJEL,
CDS-1,SECRETARIO CHEFE DO GOVERNO,
DIRE02,DIRETOR FINANCEIRO E COMERCIAL,
DEFENS,DEFENSOR PUBLICO-GERAL,
PGR,Procurador-Geral da República,
DIRE01,"DIRETOR DE PESQUISA, DESENVOLVIMENTO E INOVAÇÃO",
DEP-10,SEC. EXECUTIVO,
DEF,DEFENSOR PUBLICO-GERAL,NA
VICE-P,VICE-PRESIDENTE,NA
DIRE01,DIRETOR(A) DE OPERAÇÕES,
CE-2,DIR. ADM. E FINANCEIRO,
DIR,DIRETOR-PRESIDENTE DA FUND. AMPARO À PESQ. DO ESTADO DO AM,
DIRE02,DIRETOR DE DESENVOLVIMENTO,
PROC,PROCURADOR GERAL DO ESTADO,
PREE01,DIRETOR ADMINISTRATIVO FINANCEIRO,
DIRE03,DIRETOR TÉCNICO,
DIRE05,DIRETOR DE OPERAÇÃO E COMERCIALIZAÇÃO,
DIRI06,DIRETOR DE ANGRA 3,
PREI01,DIRETOR PRESIDENTE,
DS-2,DIR. EXEC. DE CONTROLE ADM. E FINANCEIRO,
NES,PROCURADOR GERAL DA FAZ. NAC.,14
BASICA,PRESIDENTE DO CONSELHO REGULADOR,
DELEGA,DELEGADO GERAL,
SPROC,SUBPROCURADORA-GERAL ADJUNTA I DO ESTADO DO AMAZONAS,
DS-2,DIR. OPERAÇÕES,
VICI01,VICE-PRESIDENTE,
CDS-2,COORDENADOR GERAL,
DIRE01,DIRETOR EXECUTIVO DE RELACIONAMENTO INSTITUCIONAL,
DIRE02,DIRETOR EXECUTIVO DE RELACIONAMENTO INSTITUCIONAL,
SE-4,DIR. PRESIDENTE,
SEC,SECRETÁRIO ESPECIAL,
DIRI03,DIRETOR DE REGULAÇÃO E COMERCIALIZAÇÃO,
DIRI05,DIRETOR DE REGULAÇÃO E COMERCIALIZAÇÃO,
AUDITO,AUDITOR-GERAL DO ESTADO,
CDS-2,SECRETÁRIO EXECUTIVO DE ENERGIA E DO PROG DE ACEL DO CRESC,
SEC,SECR. EXE. DE ENERGIA E DO PROGR. DE ACELERACAO DO CRESCIMEN,NA
EGBA,"DIRETOR GERAL, RESPONDENDO",NA
SUPERI,"SUPERINTENDENTE ESTADUAL JUVENTUDE, CULTURA, ESPORTE E LAZER",
DIRE01,DIRETOR EXECUTIVO  FINANCEIRO E DE RELACIONAMENTO COM INVEST,
DIRE01,DIRETOR EXECUTIVO DE REFINO E GÁS NATURAL,
DIRE02,DIRETOR EXECUTIVO DE REFINO E GÁS NATURAL,
DIRE01,DIRETOR - VICE PRESIDENTE,
DIRE02,DIRETOR - VICE PRESIDENTE,
DIRE03,DIRETOR DE SOLUÇÕES EM MEIOS DE PAGAMENTOS E SERVIÇOS,
DIRE01,DIR. GLP GRANEL,
DIRE02,DIRETOR DE GLP GRANEL,
DIRE03,DIRETOR DE GLP GRANEL,
DIRE01,DIRETOR CORPORATIVO FINANCEIRO,
DIRE02,DIRETOR CORPORATIVO E FINANCEIRO,
PREE01,ECONOMISTA,
PREE02,ECONOMISTA,
DIRE02,DIRETOR DE ENRIQUECIMENTO ISOTÓPICO,
DIRE01,DIR. DE SERVIÇOS,
DIRE01,DIRETOR-EXECUTIVO DE TRANSPORTE MARÍTIMO,
PREE01,DIR. SUPERINTENDENTE,
DIRE01,DIRETOR DE MEIOS DE PAGAMENTO,
DIRE01,DIRETOR DE RECURSOS MINERAIS DA INDUSTRIAS NUCLEARES DO BRAS,
DIRE02,DIRETOR DE RECURSOS MINERAIS DA INDUSTRIAS NUCLEARES DO BRAS,
DIRE01,DIRETOR CORPORATIVO,
DIRE02,DIRETOR CORPORATIVO,
DIRI03,DIRETOR FINANCEIRO,
DIRE02,DIRETOR DE GOVERNANÇA,
DIRE03,DIRETOR DE GOVERNANÇA,
CAS-1,DIR. PRESIDENTE,
DIRE02,DIRETOR ADMINISTRATIVO E FINANCEIRO,
DIRE01,DIRETOR DE REESTRUTURAÇÃO DE ATIVOS OPERACIONAIS,
DIRE02,DIRETOR DE REESTRUTURAÇÃO DE ATIVOS OPERACIONAIS,
DIRE03,DIRETOR DE REESTRUTURAÇÃO DE ATIVOS OPERACIONAIS,
DIRI01,"DIRETORIA FINANCEIRA, DE CRÉDITO E CAPTAÇÃO",
PREE03,PRESIDENTE DA FINEP - ATA DA 11° REUNIÃO ORDINÁRIA DO CONSEL,
DIRE01,DIRETOR-GERAL,
DIRE02,DIRETOR GERAL,
DIRE03,DIRETOR-GERAL,
DIRE04,DIRETOR-GERAL,
CDS-2,SECRETARIO EXECUTIVO DE ECONOMIA SOLIDÁRIA,
SEC,SECRETÁRIO EXECUTIVO DA SETRAB,
SEC,SECRETARIO EXECUTIVO DA CIENCIA E TECNOLOGIA,NA
DIRE02,DIRETOR EXECUTIVO DE DESENVOLVIMENTO DA PRODUÇÃO,
GOV,GOVERNADOR,NA
SE-3,DIR. PRESIDENTE,
DIRE01,DIRETOR  EXECUTIVO DE GOVERNANCA E CONFORMIDADE,
DIRE01,DIRETORA DE ATIVOS DE TERCEIROS,
DIRETO,DIRETOR DO DEPARTAMENTO ESTADUAL DE TRANSITO,
212,DEFENSOR PUBLICO GERAL,
CCS-2,DIR. FINANCEIRO,
DIRETO,DIRETOR-GERAL DE POLÍCIA TÉCNICA,
DIRE01,DIRETORA DE TECNOLOGIA,
DIRE02,DIRETOR DE INOVAÇÃO E MERCADO,
SE-3,SUPERINTENDENTE,
CONTR,SUBCONTROLADORA GERAL DE OUVIDORIA DO ESTADO DO AMAZONAS,
DAI-1,DIR. FINANCEIRO,
COM,COMANDANTE GERAL DA POLÍCIA MILITAR DO ESTADO DA PARAÍBA,NA
DIRE02,VICE-PRESIDENTE DE TECNOLOGIA DA INFORMAÇÃO,
DIRI03,VICE-PRESIDENTE DE FINANÇAS E CONTROLADORIA,
VICE01,VICE-PRESIDENTE DE FINANÇAS E CONTROLADORIA,
DIRE01,DIR. DEPART. DE PRODUTOS & NEGOCIOS,
DIR,DIRETOR DA AG. DE DEFESA AGROPECUARIA E FLORESTAL DO AM,
DS-1,DIRETOR PRESIDENTE,
SEC,SECRETÁRIO EXECUTIVO ADJUNTO DE ADMINISTRAÇÃO DA CASA CIVIL,
PRES,VICE-PRESIDENTE DA COMISSÃO GERAL DE LICITAÇÃO,
SEC,SECRETÁRIA EXECUTIVA DA SEC,
CGE,CHEFE DA ASSESSORIA,1
DIRETO,DIRETOR DE EXPANSÃOI,
NAN,DIR. DE EXPANSÃO,
DE-101,DIR. PRESIDENTE,
DIRE02,DIRETOR COMERCIAL VAREJO,
DIRE03,DIRETOR COMERCIAL VAREJO,
DIRE01,DIRETORA DE PARTICIPAÇÕES,
DIRE01,DIRETOR DE TECNOLOGIA DA INFORMAÇÃO,
DIRE01,DIRETORA DE JORNALISMO,
DIRE02,DIRETORA DE JORNALISMO,
DIRE03,DIRETORA DE JORNALISMO,
DIRE04,DIRETORA DE JORNALISMO,
PRESID,PRESIDENTE DA FEASE,
DIRE02,DIRETORA,
DIRE01,DIRETORA DE CRÉDITO A INFRAESTRUTURA,
SEC,SECRETÁRIA EXECUTIVA DA SERIRA,
SEC,SECRETÁRIA EXECUTIVA ADJUNTA DA SEJEL,
NAN,DIR. ADM. FINANCEIRO,
DIRI01,DIR. DE INFRAESTRUTURA E GESTÃO PORTUÁRIA,
DIRI02,DIRETOR DE GERAÇÃO DISTRIBUIDA,
DIRE05,VICE-PRESIDENTE,
BASICA,SECRETÁRIO DE ESTADO,
SEC,SECRETÁRIO DE ESTADO CHEFE DA CASA MILITAR,
SEC,SECRETÁRIO EXECUTIVO DA SEAP,
SECRET,"SECRETARIA DE ESTADO, DESIGNADO",
DAS-2,CARGO DE DIREÇÃO E ASSESSORAMENTO SUPERIOR-2,
IBAMET,"DIRETOR GERAL, RESPONDENDO",NA
DIRE04,DIRETORA,
DIRE01,DIRETOR DE GESTÃO DA CULTURA E DE PESSOAS,
SUP,SUPERINTENDENTE-GERAL,NA
DIRE01,DIRETOR DE FINANÇAS E NOVOS NEGÓCIOS,
DIRE02,DIRETOR DE FINANÇAS E NOVOS NEGÓCIOS,
DIRE04,DIRETOR DE FINANÇAS E NOVOS NEGÓCIOS,
DIRI03,DIRETOR DE ADMINISTRAÇÃO INTERINO,
DIRI02,DIRETOR DE ESTUDOS ECONÔMICO-ENERGÉTICOS E AMBIENTAIS,
DIRI04,DIRETOR DE ESTUDOS ECONÔMICO-ENERGÉTICOS E AMBIENTAIS,
DIRI05,DIRETOR INTERINO DE GESTÃO CORPORATIVA,
DIRI08,DIRETOR,
PREE06,PRESIDENTE,
PREE07,PRESIDENTE,
DIRE01,DIRETOR DE INOVAÇÃO,
DIRE01,DIRETOR DE ATENDIMENTO E CANAIS,
DIRE02,DIRETOR DE ATENDIMENTO E CANAIS,
DIRE01,DIRETOR-EXECUTIVO DE NEGÓCIOS - DENE,
DIRE02,DIRETOR DE FINANÇAS E GESTÃO CORPORATIVA,
DIRE03,DIRETOR FINANCEIRO,
DIRE04,DIRETOR FINANCEIRO,
DIRE05,DIRETOR FINANCEIRO,
DIRI02,DIRETOR FINANCEIRO,
PREE01,DIRETOR ADMINISTRATIVO FIANNCEIRO,
DIRE01,DIRETOR ADMINISTRATIVO E FINANCEIRO DA CODERN,
DIRE02,DIRETOR ADMINISTRATIVO E FINANCEIRO DA CODERN,
DIRE01,DIRETOR DE GESTAO DO CONHECIMENTO E PESSOAS,
CE-2,DIR. DE TEC. DA INFORMAÇÃO E COMUNICAÇÃO,
SEC,SECRETÁRIA DE ESTADO DOS DIREITOS DA PESSOA COM DEFICIÊNCIA,
SEC,SECRETÁRIA EXECUTIVA DA SEPED,
PRES,PRESIDENTE DA COMISSÃO GERAL DE LICITAÇÃO,
SECRET,SECRETÁRIO DE ESTADO,
DIR,DIRETOR-PRESIDENTE DO DEPARTAMENTO EST. DE TRÂNSITO DO AM,
CDS-2,SECRETÁRIO EXECUTIVO DA INFRAESTRUTURA E RECURSOS HÍDRICOS,
SEC,SECRETARIO EXECUTIVO DA INFRAESTRUTURA E RECURSOS HIDRICOS,NA
DIRE01,DIRETOR DE ASSUNTOS REGULATÓRIOS,
SEC,SECRETÁRIA EXECUTIVA DA SEJUSC,
DIRE01,DIRETOR DE PRODUÇÃO,
PRESID,PRESIDENTE DA JUCER,
SECRET,SECRETÁRIO DE ESTADO DE FINANÇAS,
SECRET,SECRETÁRIO-SUBCHEFE DA CASA CIVIL,
DS-2,DIR. EXEC. DE GESTÃO E APOIO ESTRATÉGICO,
CCS-2,DIRETOR TÉCNICO,
CCS-2,DIR. PRESIDENTE,
BASICA,PROCURADOR-GERAL DO ESTADO,
DIRE01,DIRETORIA DE DESENVOLVIMENTO CIENTÍFICO E TECNOLÓGICO,
DIRE02,DIRETOR DE DESENVOLVIMENTO CIENTÍFICO E TECNOLÓGICO,
DAS,DIRETOR DE DEPARTAMENTO,1016
DIRE01,DIRETOR DE EMPREENDIMENTOS,
DIRE02,DIRETOR DE EMPREENDIMENTOS,
DIRE02,DIRETOR-PRESIDENTE,
PREE02,DIRETOR ADMINISTRATIVO,
DIRE02,"DIRETOR DE FINANÇAS, RI E GESTÃO DAS PARTICIPAÇÕES",
DIRE01,"DIRETOR DE TRANSPORTE MARÍTIMO, DUTOS E TERMINAIS",
SECRET,SECRETÁRIO DE ESTADO DA SAÚDE,
DIRE01,DIRETOR DE COMERCIALIZAÇÃO E REGULAÇÃO,
DIRE03,DIRETOR DE COMERCIALIZAÇÃO E REGULAÇÃO,
DIRI02,DIRETOR DE OPERAÇÃO,
ASSESS,ASSESSOR,
SECRET,SECRETÁRIO EXECUTIVO DO GABINETE DO GOVERNADOR,